source,target,type,subtype,direction,source_text,source_pages,year,assoc_code
13,3767,同僚,被Y欣賞/器重,P,,,,17
13,7111,唱和,為Y作墓誌銘,A,宋人傳記資料索引(電子版),16026,0,44
13,3767,唱和,為Y所著書作跋,A,宋人傳記資料索引(電子版),23552,0,46
13,7111,唱和,為Y所著書作跋,A,宋人傳記資料索引(電子版),16026,0,46
13,7111,交往,同學、同門,M,宋人傳記資料索引(電子版),16026,,117
13,1384,唱和,為Y作祭文,A,,,1110,145
13,1488,唱和,為Y作祭文,A,,,1110,145
13,1488,唱和,為Y作祭文,A,宋人傳記資料索引(電子版),2420,0,145
13,3767,唱和,為Y作祭文,A,宋人傳記資料索引(電子版),23552,0,145
13,3767,唱和,為Y作畫贊(畫像記),A,宋人傳記資料索引(電子版),23552,0,428
13,3767,唱和,致書Y,A,全宋文,126.26,,429
13,7111,唱和,致書Y,A,全宋文,126.41,,429
13,7111,唱和,被致書由Y,P,全宋文,106.128,,430
13,669,唱和,建築物得到Y的題詠、記、命名,P,宋人傳記資料索引(電子版),10729,0,444
217,8043,同僚,被Y推薦,P,宋人傳記資料索引(電子版),12940,0,14
217,3767,唱和,書序由Y所作,P,宋人傳記資料索引(電子版),12940,,33
217,3767,唱和,墓誌銘由Y所作,P,宋人傳記資料索引(電子版),12940,0,43
217,3624,唱和,書跋由Y所作,P,宋人傳記資料索引(電子版),12940,0,45
217,3767,唱和,書跋由Y所作,P,宋人傳記資料索引(電子版),12940,0,45
217,7197,唱和,書跋由Y所作,P,宋人傳記資料索引(電子版),12940,0,45
217,1762,政敵,反對/不支持Y的政策,A,宋人傳記資料索引(電子版),12940,,136
217,8043,唱和,為Y作祭文,A,,,1068,145
217,8043,唱和,為Y作祭文,A,宋人傳記資料索引(電子版),9075,0,145
217,3767,唱和,祭文由Y所作,P,宋人傳記資料索引(電子版),12940,0,146
217,8116,唱和,祭文由Y所作,P,,,1068,146
217,8116,唱和,祭文由Y所作,P,宋人傳記資料索引(電子版),12940,0,146
217,8043,唱和,致書Y,A,,,,429
217,8043,唱和,致書Y,A,全宋文,37.341,,429
217,1762,唱和,被致書由Y,P,全宋文,64.155,,430
217,3767,唱和,被致書由Y,P,全宋文,87.366,,430
217,7111,唱和,被致書由Y,P,全宋文,104.287,,430
217,8043,唱和,被致書由Y,P,全宋文,18.366-367,,430
217,8116,唱和,被致書由Y,P,全宋文,61.318,,430
217,1384,唱和,收到Y的答書,P,全宋文,33.367-368,,432
217,1488,交往,被Y奏論,P,宋人傳記資料索引(電子版),12940,0,554
630,8116,同僚,推薦,A,宋人傳記資料索引(電子版),23557,,13
630,1384,同僚,得到Y的支持,P,宋人傳記資料索引(電子版),20692,,26
630,8043,唱和,為Y所著書作序,A,,,1068,32
630,8043,唱和,為Y所著書作序,A,宋人傳記資料索引(電子版),9075,0,32
630,1384,唱和,為Y作墓誌銘,A,,,1068,44
630,1384,唱和,為Y作墓誌銘,A,宋人傳記資料索引(電子版),20692,,44
630,3257,唱和,書跋由Y所作,P,宋人傳記資料索引(電子版),22685,0,45
630,3595,唱和,書跋由Y所作,P,宋人傳記資料索引(電子版),22685,0,45
630,3640,唱和,書跋由Y所作,P,宋人傳記資料索引(電子版),22685,0,45
630,3767,唱和,書跋由Y所作,P,宋人傳記資料索引(電子版),22685,0,45
630,3888,唱和,書跋由Y所作,P,宋人傳記資料索引(電子版),22685,0,45
630,7111,唱和,書跋由Y所作,P,宋人傳記資料索引(電子版),22685,0,45
630,7197,唱和,書跋由Y所作,P,宋人傳記資料索引(電子版),22685,0,45
630,10084,唱和,書跋由Y所作,P,宋人傳記資料索引(電子版),22685,0,45
630,28143,唱和,書跋由Y所作,P,宋人傳記資料索引(電子版),22685,0,45
630,8078,唱和,傳記作者為Y,P,宋人傳記資料索引(電子版),22685,0,132
630,1384,唱和,為Y作祭文,A,,,1068,145
630,1384,唱和,為Y作祭文,A,宋人傳記資料索引(電子版),20692,,145
630,8043,唱和,為Y作祭文,A,,,1068,145
630,8043,唱和,為Y作祭文,A,宋人傳記資料索引(電子版),9075,0,145
630,3767,唱和,祭文由Y所作,P,,,1068,146
630,3767,唱和,祭文由Y所作,P,宋人傳記資料索引(電子版),22685,0,146
630,8043,同僚,同僚,M,宋人傳記資料索引(電子版),22685,,197
630,10598,唱和,畫贊(畫像記)由Y所作,P,宋人傳記資料索引(電子版),22685,0,427
630,1384,唱和,致書Y,A,全宋文,40.15,,429
630,1488,唱和,致書Y,A,全宋文,40.17,,429
630,8043,唱和,致書Y,A,全宋文,39.300,,429
630,1384,唱和,被致書由Y,P,全宋文,33.185-204,,430
630,3767,唱和,被致書由Y,P,全宋文,87.297,,430
630,8043,唱和,被致書由Y,P,全宋文,18.340-357,,430
630,1384,唱和,收到Y的啓,P,全宋文,33.164,,434
630,1384,唱和,建築物得到Y的題詠、記、命名,P,宋人傳記資料索引(電子版),22685,0,444
630,3595,唱和,建築物得到Y的題詠、記、命名,P,宋人傳記資料索引(電子版),22685,0,444
630,3767,唱和,建築物得到Y的題詠、記、命名,P,宋人傳記資料索引(電子版),22685,0,444
630,1488,唱和,祠記由Y所作,P,宋人傳記資料索引(電子版),22685,0,561
669,3257,同僚,推薦,A,宋人傳記資料索引(電子版),3237,0,13
669,3640,唱和,書序由Y所作,P,宋人傳記資料索引(電子版),22750,0,33
669,1384,唱和,為Y所著書作跋,A,宋人傳記資料索引(電子版),20692,0,46
669,1488,唱和,為Y所著書作跋,A,宋人傳記資料索引(電子版),2420,0,46
669,1762,唱和,為Y所著書作跋,A,宋人傳記資料索引(電子版),1536,0,46
669,3767,唱和,為Y所著書作跋,A,宋人傳記資料索引(電子版),23552,0,46
669,7111,唱和,為Y所著書作跋,A,宋人傳記資料索引(電子版),16026,0,46
669,3640,唱和,祭文由Y所作,P,,,1177,146
669,3640,唱和,祭文由Y所作,P,宋人傳記資料索引(電子版),22750,0,146
669,3640,唱和,為Y作臨別贈言(送別詩、序),A,宋人傳記資料索引(電子版),14736,0,162
669,7055,唱和,為Y作畫贊(畫像記),A,,,,428
669,7055,唱和,為Y作畫贊(畫像記),A,宋人傳記資料索引(電子版),6664,0,428
669,3075,唱和,被致書由Y,P,全宋文,279.157,,430
669,3075,唱和,答Y書,A,全宋文,216.58,,431
669,3257,唱和,答Y書,A,全宋文,216.55-56,,431
669,3257,唱和,收到Y的答書,P,全宋文,244.278,,432
669,13,唱和,為Y之建築物題詠、記、命名,A,宋人傳記資料索引(電子版),10729,0,443
669,10749,唱和,建築物得到Y的題詠、記、命名,P,宋人傳記資料索引(電子版),22750,0,444
1384,3767,同僚,黨羽為Y,P,宋人傳記資料索引(電子版),,1068,7
1384,1488,同僚,推薦,A,,,1068,13
1384,1488,同僚,推薦,A,宋人傳記資料索引(電子版),2420,0,13
1384,1762,同僚,推薦,A,宋人傳記資料索引(電子版),,,13
1384,3767,同僚,推薦,A,宋人傳記資料索引(電子版),23552,0,13
1384,7364,同僚,推薦,A,宋人傳記資料索引(電子版),15520,0,13
1384,8043,同僚,被Y推薦,P,,,1068,14
1384,8043,同僚,被Y推薦,P,宋人傳記資料索引(電子版),20692,0,14
1384,1762,師生,學生為Y,P,人名權威資料（中央研究院歷史語言研究所）,18589,,23
1384,7364,師生,學生為Y,P,人名權威資料（中央研究院歷史語言研究所）,18589,,23
1384,630,同僚,支持,A,宋人傳記資料索引(電子版),20692,,27
1384,3767,唱和,書序由Y所作,P,宋人傳記資料索引(電子版),20692,,33
1384,4001,唱和,書序由Y所作,P,宋人傳記資料索引(電子版),20692,0,33
1384,7197,唱和,書序由Y所作,P,宋人傳記資料索引(電子版),20692,0,33
1384,630,唱和,墓誌銘由Y所作,P,,,1068,43
1384,630,唱和,墓誌銘由Y所作,P,宋人傳記資料索引(電子版),20692,,43
1384,669,唱和,書跋由Y所作,P,宋人傳記資料索引(電子版),20692,0,45
1384,3075,唱和,書跋由Y所作,P,宋人傳記資料索引(電子版),20692,0,45
1384,3257,唱和,書跋由Y所作,P,宋人傳記資料索引(電子版),20692,0,45
1384,3595,唱和,書跋由Y所作,P,宋人傳記資料索引(電子版),20692,0,45
1384,3624,唱和,書跋由Y所作,P,宋人傳記資料索引(電子版),20692,0,45
1384,3640,唱和,書跋由Y所作,P,宋人傳記資料索引(電子版),20692,0,45
1384,3767,唱和,書跋由Y所作,P,宋人傳記資料索引(電子版),20692,0,45
1384,7111,唱和,書跋由Y所作,P,宋人傳記資料索引(電子版),20692,0,45
1384,7197,唱和,書跋由Y所作,P,宋人傳記資料索引(電子版),20692,0,45
1384,8078,唱和,書跋由Y所作,P,宋人傳記資料索引(電子版),20692,0,45
1384,10084,唱和,書跋由Y所作,P,宋人傳記資料索引(電子版),20692,0,45
1384,10706,唱和,書跋由Y所作,P,宋人傳記資料索引(電子版),20692,0,45
1384,10740,唱和,書跋由Y所作,P,宋人傳記資料索引(電子版),20692,0,45
1384,10801,唱和,書跋由Y所作,P,宋人傳記資料索引(電子版),20692,0,45
1384,10815,唱和,書跋由Y所作,P,宋人傳記資料索引(電子版),20692,0,45
1384,27957,唱和,書跋由Y所作,P,宋人傳記資料索引(電子版),20692,0,45
1384,28143,唱和,書跋由Y所作,P,宋人傳記資料索引(電子版),20692,0,45
1384,1762,政敵,不合,M,宋人傳記資料索引(電子版),20692,,61
1384,3257,唱和,傳記作者為Y,P,宋人傳記資料索引(電子版),20692,0,132
1384,8043,唱和,為Y作祭文,A,,,1068,145
1384,8043,唱和,為Y作祭文,A,宋人傳記資料索引(電子版),9075,0,145
1384,13,唱和,祭文由Y所作,P,,,1068,146
1384,630,唱和,祭文由Y所作,P,,,1068,146
1384,630,唱和,祭文由Y所作,P,宋人傳記資料索引(電子版),20692,,146
1384,1762,唱和,祭文由Y所作,P,,,1068,146
1384,1762,唱和,祭文由Y所作,P,宋人傳記資料索引(電子版),20692,,146
1384,3767,唱和,祭文由Y所作,P,宋人傳記資料索引(電子版),20692,,146
1384,7364,唱和,祭文由Y所作,P,,,1068,146
1384,7364,唱和,祭文由Y所作,P,宋人傳記資料索引(電子版),20692,0,146
1384,7364,唱和,為Y作臨別贈言(送別詩、序),A,,,1068,162
1384,7364,唱和,為Y作臨別贈言(送別詩、序),A,宋人傳記資料索引(電子版),15520,0,162
1384,8043,唱和,為Y作神道碑,A,,,1045,406
1384,8043,唱和,為Y作神道碑,A,宋人傳記資料索引(電子版),9075,0,406
1384,10598,唱和,畫贊(畫像記)由Y所作,P,宋人傳記資料索引(電子版),20692,0,427
1384,1488,唱和,致書Y,A,全宋文,34.18,,429
1384,1762,唱和,致書Y,A,全宋文,33.225,,429
1384,7364,唱和,致書Y,A,全宋文,34.21,,429
1384,8043,唱和,致書Y,A,全宋文,33.65,,429
1384,8116,唱和,致書Y,A,全宋文,33.220,,429
1384,1762,唱和,被致書由Y,P,全宋文,64.127-129,,430
1384,3767,唱和,被致書由Y,P,全宋文,87.341,,430
1384,7111,唱和,被致書由Y,P,全宋文,104.295,,430
1384,7364,唱和,被致書由Y,P,全宋文,57.225,,430
1384,217,唱和,答Y書,A,全宋文,33.367-368,,431
1384,7364,唱和,答Y書,A,全宋文,33.338-339,,431
1384,8043,唱和,答Y書,A,全宋文,33.52,,431
1384,630,唱和,致Y啓,A,全宋文,33.164,,433
1384,1762,唱和,致Y啓,A,全宋文,33.166,,433
1384,630,唱和,為Y之建築物題詠、記、命名,A,宋人傳記資料索引(電子版),22685,0,443
1384,7197,唱和,建築物得到Y的題詠、記、命名,P,宋人傳記資料索引(電子版),20692,0,444
1384,7343,唱和,建築物得到Y的題詠、記、命名,P,宋人傳記資料索引(電子版),20692,0,444
1384,7364,唱和,建築物得到Y的題詠、記、命名,P,宋人傳記資料索引(電子版),20692,0,444
1384,10566,唱和,建築物得到Y的題詠、記、命名,P,宋人傳記資料索引(電子版),20692,0,444
1384,10566,唱和,祠記由Y所作,P,宋人傳記資料索引(電子版),20692,0,561
1488,7026,同僚,推薦,A,,,1086,13
1488,7026,同僚,推薦,A,宋人傳記資料索引(電子版),9121,0,13
1488,1384,同僚,被Y推薦,P,,,1086,14
1488,1384,同僚,被Y推薦,P,宋人傳記資料索引(電子版),2420,0,14
1488,1649,同僚,得到Y的支持,P,宋人傳記資料索引(電子版),20853,,26
1488,3257,唱和,書序由Y所作,P,,,1086,33
1488,3257,唱和,書序由Y所作,P,宋人傳記資料索引(電子版),2420,0,33
1488,3624,唱和,書序由Y所作,P,,,1086,33
1488,3624,唱和,書序由Y所作,P,宋人傳記資料索引(電子版),2420,0,33
1488,7026,唱和,書序由Y所作,P,宋人傳記資料索引(電子版),2420,0,33
1488,27853,唱和,書序由Y所作,P,宋人傳記資料索引(電子版),2420,0,33
1488,3767,唱和,墓誌銘由Y所作,P,,,1086,43
1488,669,唱和,書跋由Y所作,P,宋人傳記資料索引(電子版),2420,0,45
1488,2022,唱和,書跋由Y所作,P,宋人傳記資料索引(電子版),2420,0,45
1488,3257,唱和,書跋由Y所作,P,宋人傳記資料索引(電子版),2420,0,45
1488,3595,唱和,書跋由Y所作,P,宋人傳記資料索引(電子版),2420,0,45
1488,3624,唱和,書跋由Y所作,P,宋人傳記資料索引(電子版),2420,0,45
1488,3640,唱和,書跋由Y所作,P,,,1086,45
1488,3640,唱和,書跋由Y所作,P,宋人傳記資料索引(電子版),2420,0,45
1488,4001,唱和,書跋由Y所作,P,宋人傳記資料索引(電子版),2420,0,45
1488,7164,唱和,書跋由Y所作,P,宋人傳記資料索引(電子版),2420,0,45
1488,7197,唱和,書跋由Y所作,P,宋人傳記資料索引(電子版),2420,0,45
1488,8078,唱和,書跋由Y所作,P,宋人傳記資料索引(電子版),2420,0,45
1488,10084,唱和,書跋由Y所作,P,宋人傳記資料索引(電子版),2420,0,45
1488,10706,唱和,書跋由Y所作,P,宋人傳記資料索引(電子版),2420,0,45
1488,10740,唱和,書跋由Y所作,P,宋人傳記資料索引(電子版),2420,0,45
1488,28143,唱和,書跋由Y所作,P,宋人傳記資料索引(電子版),2420,0,45
1488,1762,政敵,不合,M,宋人傳記資料索引(電子版),2420,,61
1488,8043,唱和,為Y作祭文,A,,,1086,145
1488,8043,唱和,為Y作祭文,A,宋人傳記資料索引(電子版),9075,0,145
1488,13,唱和,祭文由Y所作,P,,,1086,146
1488,13,唱和,祭文由Y所作,P,宋人傳記資料索引(電子版),2420,0,146
1488,3767,唱和,祭文由Y所作,P,,,1086,146
1488,3767,唱和,祭文由Y所作,P,宋人傳記資料索引(電子版),2420,0,146
1488,7026,唱和,祭文由Y所作,P,,,1086,146
1488,7026,唱和,祭文由Y所作,P,宋人傳記資料索引(電子版),2420,0,146
1488,7111,唱和,祭文由Y所作,P,,,1086,146
1488,7111,唱和,祭文由Y所作,P,宋人傳記資料索引(電子版),2420,0,146
1488,7026,唱和,祝詞由Y所作,P,宋人傳記資料索引(電子版),2420,0,148
1488,7026,交往,合撰(編)著作,M,,,1086,251
1488,3767,唱和,神道碑由Y所作,P,宋人傳記資料索引(電子版),2420,,405
1488,3767,唱和,行狀由Y所作,P,宋人傳記資料索引(電子版),2420,,425
1488,10598,唱和,畫贊(畫像記)由Y所作,P,宋人傳記資料索引(電子版),2420,0,427
1488,1762,唱和,致書Y,A,全宋文,56.18,,429
1488,7026,唱和,致書Y,A,全宋文,56.82,,429
1488,630,唱和,被致書由Y,P,全宋文,40.17,,430
1488,1384,唱和,被致書由Y,P,全宋文,34.18,,430
1488,3767,唱和,被致書由Y,P,全宋文,87.360-362,,430
1488,7026,唱和,答Y書,A,全宋文,56.79,,431
1488,1762,唱和,收到Y的答書,P,全宋文,64.112,,432
1488,7026,唱和,建築物得到Y的題詠、記、命名,P,宋人傳記資料索引(電子版),2420,0,444
1488,7343,唱和,建築物得到Y的題詠、記、命名,P,宋人傳記資料索引(電子版),2420,0,444
1488,27957,唱和,建築物得到Y的題詠、記、命名,P,宋人傳記資料索引(電子版),2420,0,444
1488,28306,唱和,學記（書院記）由Y所作,P,宋人傳記資料索引(電子版),2420,0,458
1488,3767,同僚,下屬為Y,A,人名權威資料（中央研究院歷史語言研究所）,18284,,482
1488,217,交往,上奏論Y,A,宋人傳記資料索引(電子版),12940,0,553
1488,630,唱和,為Y作祠記,A,宋人傳記資料索引(電子版),22685,0,560
1488,10749,唱和,祠記由Y所作,P,宋人傳記資料索引(電子版),2420,0,561
1649,7343,政敵,被Y彈劾,P,宋人傳記資料索引(電子版),20853,,12
1649,1488,同僚,支持,A,宋人傳記資料索引(電子版),20853,,27
1762,7364,好友,友,M,人名權威資料（中央研究院歷史語言研究所）,18477,,9
1762,1384,同僚,被Y推薦,P,宋人傳記資料索引(電子版),,,14
1762,7111,同僚,欣賞/器重,A,,,,18
1762,1384,師生,為Y之學生,A,人名權威資料（中央研究院歷史語言研究所）,18589,,22
1762,4001,唱和,書序由Y所作,P,,,1080,33
1762,4001,唱和,書序由Y所作,P,宋人傳記資料索引(電子版),1536,0,33
1762,10084,唱和,書序由Y所作,P,宋人傳記資料索引(電子版),1536,0,33
1762,669,唱和,書跋由Y所作,P,宋人傳記資料索引(電子版),1536,0,45
1762,3257,唱和,書跋由Y所作,P,宋人傳記資料索引(電子版),1536,0,45
1762,3595,唱和,書跋由Y所作,P,宋人傳記資料索引(電子版),1536,0,45
1762,3640,唱和,書跋由Y所作,P,宋人傳記資料索引(電子版),1536,0,45
1762,4001,唱和,書跋由Y所作,P,宋人傳記資料索引(電子版),1536,0,45
1762,7111,唱和,書跋由Y所作,P,宋人傳記資料索引(電子版),1536,0,45
1762,7197,唱和,書跋由Y所作,P,宋人傳記資料索引(電子版),1536,0,45
1762,10389,唱和,書跋由Y所作,P,宋人傳記資料索引(電子版),1536,0,45
1762,10565,唱和,書跋由Y所作,P,宋人傳記資料索引(電子版),1536,0,45
1762,10566,唱和,書跋由Y所作,P,宋人傳記資料索引(電子版),1536,0,45
1762,10801,唱和,書跋由Y所作,P,宋人傳記資料索引(電子版),1536,0,45
1762,27727,唱和,書跋由Y所作,P,宋人傳記資料索引(電子版),1536,0,45
1762,27957,唱和,書跋由Y所作,P,宋人傳記資料索引(電子版),1536,0,45
1762,24412,唱和,稱道Y的詩作,A,,,1080,71
1762,217,政敵,其政策被Y反對/不支持,P,宋人傳記資料索引(電子版),12940,,137
1762,3767,政敵,其政策被Y反對/不支持,P,宋人傳記資料索引(電子版),23552,,137
1762,1384,唱和,為Y作祭文,A,,,1080,145
1762,1384,唱和,為Y作祭文,A,宋人傳記資料索引(電子版),20692,,145
1762,8043,唱和,為Y作祭文,A,,,1080,145
1762,8043,唱和,為Y作祭文,A,宋人傳記資料索引(電子版),9075,0,145
1762,217,唱和,致書Y,A,全宋文,64.155,,429
1762,7364,唱和,致書Y,A,全宋文,57.281,,429
1762,1488,唱和,被致書由Y,P,全宋文,56.18,,430
1762,3767,唱和,被致書由Y,P,全宋文,87.363-364,,430
1762,7364,唱和,被致書由Y,P,全宋文,57.248,,430
1762,1488,唱和,答Y書,A,全宋文,64.112,,431
1762,3767,唱和,答Y書,A,全宋文,64.117,,431
1762,7364,唱和,答Y書,A,全宋文,64.120,,431
1762,1384,唱和,收到Y的啓,P,全宋文,33.166,,434
1762,3624,唱和,建築物得到Y的題詠、記、命名,P,宋人傳記資料索引(電子版),1536,0,444
1762,7343,唱和,著作被Y評論,P,宋人傳記資料索引(電子版),1536,0,530
1762,27727,唱和,著作被Y評論,P,宋人傳記資料索引(電子版),1536,0,530
1762,3632,唱和,祠記由Y所作,P,宋人傳記資料索引(電子版),1536,0,561
1762,10801,唱和,祠記由Y所作,P,宋人傳記資料索引(電子版),1536,0,561
2022,3888,唱和,為Y所著書作序,A,,,1130,32
2022,3888,唱和,為Y所著書作序,A,宋人傳記資料索引(電子版),18066,,32
2022,8078,唱和,為Y所著書作序,A,宋人傳記資料索引(電子版),4926,0,32
2022,8078,唱和,為Y所著書作序,A,,,,32
2022,3075,唱和,書序由Y所作,P,,,1130,33
2022,3075,唱和,書序由Y所作,P,宋人傳記資料索引(電子版),17096,0,33
2022,3257,唱和,書跋由Y所作,P,宋人傳記資料索引(電子版),17096,0,45
2022,11134,唱和,書跋由Y所作,P,宋人傳記資料索引(電子版),17096,0,45
2022,1488,唱和,為Y所著書作跋,A,宋人傳記資料索引(電子版),2420,0,46
2022,3888,唱和,為Y所著書作跋,A,宋人傳記資料索引(電子版),18066,0,46
2022,8078,唱和,為Y所著書作跋,A,宋人傳記資料索引(電子版),4926,0,46
2022,3888,唱和,為Y作祭文,A,,,1130,145
2022,3888,唱和,為Y作祭文,A,宋人傳記資料索引(電子版),18066,0,145
2022,8078,唱和,祭文由Y所作,P,,,1130,146
2022,8078,唱和,祭文由Y所作,P,宋人傳記資料索引(電子版),17096,0,146
2022,3888,唱和,為Y作哀辭,A,,,1130,167
2022,3888,唱和,為Y作哀辭,A,宋人傳記資料索引(電子版),18066,0,167
2022,3257,交往,其學為Y所宗,P,宋人傳記資料索引(電子版),17096,,209
2022,7164,交往,其學為Y所宗,P,宋人傳記資料索引(電子版),17096,,209
2022,3888,唱和,致書Y,A,全宋文,124.180,,429
2022,8008,唱和,致書Y,A,全宋文,124.227,,429
2022,8078,唱和,致書Y,A,全宋文,124.228-229,,429
2022,7164,唱和,建築物得到Y的題詠、記、命名,P,宋人傳記資料索引(電子版),17096,0,444
2022,10749,唱和,祠記由Y所作,P,宋人傳記資料索引(電子版),17096,0,561
3075,3257,好友,友,M,人名權威資料（中央研究院歷史語言研究所）,18370,,9
3075,2022,唱和,為Y所著書作序,A,,,1194,32
3075,2022,唱和,為Y所著書作序,A,宋人傳記資料索引(電子版),17096,0,32
3075,10749,唱和,書序由Y所作,P,,,1194,33
3075,10749,唱和,書序由Y所作,P,宋人傳記資料索引(電子版),13585,,33
3075,10749,唱和,墓誌銘由Y所作,P,,,1194,43
3075,10749,唱和,墓誌銘由Y所作,P,宋人傳記資料索引(電子版),13585,,43
3075,10749,唱和,書跋由Y所作,P,宋人傳記資料索引(電子版),13585,0,45
3075,27727,唱和,書跋由Y所作,P,宋人傳記資料索引(電子版),13585,0,45
3075,1384,唱和,為Y所著書作跋,A,宋人傳記資料索引(電子版),20692,0,46
3075,3257,唱和,為Y所著書作跋,A,宋人傳記資料索引(電子版),3237,0,46
3075,7055,唱和,為Y作祭文,A,宋人傳記資料索引(電子版),6664,0,145
3075,10749,唱和,祭文由Y所作,P,,,1194,146
3075,10749,唱和,祭文由Y所作,P,宋人傳記資料索引(電子版),13585,0,146
3075,27957,唱和,諡議由Y所作,P,宋人傳記資料索引(電子版),13585,0,187
3075,3257,政敵,批評,A,宋人傳記資料索引(電子版),,,269
3075,3257,唱和,為Y作畫贊(畫像記),A,宋人傳記資料索引(電子版),3237,0,428
3075,669,唱和,致書Y,A,全宋文,279.157,,429
3075,3257,唱和,致書Y,A,,,,429
3075,3257,唱和,致書Y,A,全宋文,279.202,,429
3075,3624,唱和,致書Y,A,全宋文,279.172,,429
3075,7055,唱和,致書Y,A,全宋文,279.170,,429
3075,7197,唱和,致書Y,A,全宋文,279.208,,429
3075,10585,唱和,致書Y,A,全宋文,279.218-219,,429
3075,3257,唱和,被致書由Y,P,全宋文,250.273,,430
3075,7055,唱和,被致書由Y,P,全宋文,261.149-173,,430
3075,7197,唱和,被致書由Y,P,全宋文,229.247,,430
3075,669,唱和,收到Y的答書,P,全宋文,216.58,,432
3075,3257,唱和,收到Y的答書,P,宋人傳記資料索引(電子版),,,432
3075,3257,唱和,收到Y的答書,P,全宋文,244.366-367,,432
3075,10585,唱和,收到Y的答書,P,全宋文,267.351-353,,432
3075,27727,唱和,著作被Y評論,P,宋人傳記資料索引(電子版),13585,0,530
3257,3632,好友,友,M,人名權威資料（中央研究院歷史語言研究所）,18370,,9
3257,7055,好友,友,M,人名權威資料（中央研究院歷史語言研究所）,18370,,9
3257,7164,好友,友,M,,,1179,9
3257,10566,好友,友,M,人名權威資料（中央研究院歷史語言研究所）,18370,,9
3257,669,同僚,被Y推薦,P,宋人傳記資料索引(電子版),3237,0,14
3257,10565,同僚,欣賞/器重,A,,,1179,18
3257,11134,師生,學生為Y,P,人名權威資料（中央研究院歷史語言研究所）,18370,,23
3257,11134,師生,學生為Y,P,宋人傳記資料索引(電子版),15806,,23
3257,3624,同僚,得到Y的支持,P,宋人傳記資料索引(電子版),20590,,26
3257,1488,唱和,為Y所著書作序,A,,,1179,32
3257,1488,唱和,為Y所著書作序,A,宋人傳記資料索引(電子版),2420,0,32
3257,7055,唱和,為Y所著書作序,A,宋人傳記資料索引(電子版),6664,0,32
3257,7164,唱和,為Y所著書作序,A,宋人傳記資料索引(電子版),12490,0,32
3257,7364,唱和,為Y所著書作序,A,宋人傳記資料索引(電子版),15520,,32
3257,8078,唱和,為Y所著書作序,A,宋人傳記資料索引(電子版),4926,0,32
3257,8078,唱和,為Y所著書作序,A,,,,32
3257,4001,唱和,書序由Y所作,P,,,1179,33
3257,4001,唱和,書序由Y所作,P,宋人傳記資料索引(電子版),3237,0,33
3257,7164,唱和,書序由Y所作,P,宋人傳記資料索引(電子版),3237,0,33
3257,10389,唱和,書序由Y所作,P,宋人傳記資料索引(電子版),3237,0,33
3257,27727,唱和,書序由Y所作,P,宋人傳記資料索引(電子版),3237,0,33
3257,11134,交往,其志業由Y傳承,P,,,1179,40
3257,11134,唱和,墓誌銘由Y所作,P,宋人傳記資料索引(電子版),3237,0,43
3257,7164,唱和,為Y作墓誌銘,A,,,1179,44
3257,3075,唱和,書跋由Y所作,P,宋人傳記資料索引(電子版),3237,0,45
3257,3595,唱和,書跋由Y所作,P,宋人傳記資料索引(電子版),3237,0,45
3257,3624,唱和,書跋由Y所作,P,宋人傳記資料索引(電子版),3237,0,45
3257,3640,唱和,書跋由Y所作,P,宋人傳記資料索引(電子版),3237,0,45
3257,4001,唱和,書跋由Y所作,P,宋人傳記資料索引(電子版),3237,0,45
3257,7055,唱和,書跋由Y所作,P,宋人傳記資料索引(電子版),3237,0,45
3257,7197,唱和,書跋由Y所作,P,宋人傳記資料索引(電子版),3237,0,45
3257,10084,唱和,書跋由Y所作,P,宋人傳記資料索引(電子版),3237,0,45
3257,10258,唱和,書跋由Y所作,P,宋人傳記資料索引(電子版),3237,0,45
3257,10289,唱和,書跋由Y所作,P,宋人傳記資料索引(電子版),3237,0,45
3257,10389,唱和,書跋由Y所作,P,宋人傳記資料索引(電子版),3237,0,45
3257,10706,唱和,書跋由Y所作,P,宋人傳記資料索引(電子版),3237,0,45
3257,10749,唱和,書跋由Y所作,P,宋人傳記資料索引(電子版),3237,0,45
3257,10801,唱和,書跋由Y所作,P,宋人傳記資料索引(電子版),3237,0,45
3257,11134,唱和,書跋由Y所作,P,宋人傳記資料索引(電子版),3237,0,45
3257,27727,唱和,書跋由Y所作,P,宋人傳記資料索引(電子版),3237,0,45
3257,27853,唱和,書跋由Y所作,P,宋人傳記資料索引(電子版),3237,0,45
3257,28143,唱和,書跋由Y所作,P,宋人傳記資料索引(電子版),3237,0,45
3257,28306,唱和,書跋由Y所作,P,宋人傳記資料索引(電子版),3237,0,45
3257,28617,唱和,書跋由Y所作,P,宋人傳記資料索引(電子版),3237,0,45
3257,630,唱和,為Y所著書作跋,A,宋人傳記資料索引(電子版),22685,0,46
3257,1384,唱和,為Y所著書作跋,A,宋人傳記資料索引(電子版),20692,0,46
3257,1488,唱和,為Y所著書作跋,A,宋人傳記資料索引(電子版),2420,0,46
3257,1762,唱和,為Y所著書作跋,A,宋人傳記資料索引(電子版),1536,0,46
3257,2022,唱和,為Y所著書作跋,A,宋人傳記資料索引(電子版),17096,0,46
3257,3632,唱和,為Y所著書作跋,A,,,1179,46
3257,3632,唱和,為Y所著書作跋,A,宋人傳記資料索引(電子版),14772,0,46
3257,3640,唱和,為Y所著書作跋,A,宋人傳記資料索引(電子版),14736,0,46
3257,3767,唱和,為Y所著書作跋,A,宋人傳記資料索引(電子版),23552,0,46
3257,7055,唱和,為Y所著書作跋,A,,,1179,46
3257,7055,唱和,為Y所著書作跋,A,宋人傳記資料索引(電子版),6664,0,46
3257,7111,唱和,為Y所著書作跋,A,宋人傳記資料索引(電子版),16026,0,46
3257,7164,唱和,為Y所著書作跋,A,宋人傳記資料索引(電子版),12490,0,46
3257,7364,唱和,為Y所著書作跋,A,宋人傳記資料索引(電子版),15520,0,46
3257,8043,唱和,為Y所著書作跋,A,宋人傳記資料索引(電子版),9075,0,46
3257,8078,唱和,為Y所著書作跋,A,,,1179,46
3257,10565,唱和,為Y所著書作跋,A,宋人傳記資料索引(電子版),8670,0,46
3257,10598,唱和,為Y所著書作跋,A,宋人傳記資料索引(電子版),1347,0,46
3257,3624,交往,論學,M,朱子門人,322,,108
3257,7055,交往,論學,M,東萊呂太史年譜,233,,108
3257,1384,唱和,為Y作傳,A,宋人傳記資料索引(電子版),20692,0,133
3257,7343,唱和,為Y作傳,A,宋人傳記資料索引(電子版),10502,0,133
3257,7055,唱和,為Y作祭文,A,,,1179,145
3257,7055,唱和,為Y作祭文,A,宋人傳記資料索引(電子版),6664,0,145
3257,7164,唱和,為Y作祭文,A,,,1179,145
3257,7164,唱和,為Y作祭文,A,宋人傳記資料索引(電子版),12490,0,145
3257,10566,唱和,祭文由Y所作,P,宋人傳記資料索引(電子版),3237,0,146
3257,11134,唱和,祭文由Y所作,P,,,1179,146
3257,11134,唱和,祭文由Y所作,P,宋人傳記資料索引(電子版),3237,0,146
3257,10258,唱和,祝詞由Y所作,P,宋人傳記資料索引(電子版),3237,0,148
3257,11134,唱和,祝詞由Y所作,P,宋人傳記資料索引(電子版),3237,0,148
3257,10565,唱和,為Y之書、畫作跋,A,,,,149
3257,8116,唱和,為Y作世系碑記,A,宋人傳記資料索引(電子版),23557,,151
3257,3595,唱和,諡議由Y所作,P,宋人傳記資料索引(電子版),3237,0,187
3257,2022,交往,宗Y之學,A,宋人傳記資料索引(電子版),17096,,208
3257,10258,交往,其學為Y所宗,P,,,,209
3257,4001,交往,其學為Y所私淑,P,朱子門人,357,,257
3257,7343,政敵,批評,A,,,,269
3257,3075,政敵,被Y批評,P,宋人傳記資料索引(電子版),,,270
3257,7164,唱和,為Y作神道碑,A,宋人傳記資料索引(電子版),12490,0,406
3257,11134,唱和,行狀由Y所作,P,宋人傳記資料索引(電子版),3237,0,425
3257,3075,唱和,畫贊(畫像記)由Y所作,P,宋人傳記資料索引(電子版),3237,0,427
3257,7055,唱和,為Y作畫贊(畫像記),A,,,,428
3257,7055,唱和,為Y作畫贊(畫像記),A,宋人傳記資料索引(電子版),6664,0,428
3257,7164,唱和,為Y作畫贊(畫像記),A,宋人傳記資料索引(電子版),12490,0,428
3257,3632,唱和,致書Y,A,全宋文,245.297,,429
3257,3640,唱和,致書Y,A,全宋文,250.251,,429
3257,7055,唱和,致書Y,A,全宋文,245.254-256,,429
3257,7164,唱和,致書Y,A,全宋文,245.61,,429
3257,7197,唱和,致書Y,A,全宋文,244.360,,429
3257,10585,唱和,致書Y,A,全宋文,246.27-28,,429
3257,10598,唱和,致書Y,A,全宋文,245.342,,429
3257,11134,唱和,致書Y,A,全宋文,250.103,,429
3257,3075,唱和,被致書由Y,P,,,,430
3257,3632,唱和,被致書由Y,P,全宋文,271.240-46,,430
3257,7055,唱和,被致書由Y,P,全宋文,261.100-99,,430
3257,10566,唱和,被致書由Y,P,全宋文,238.43,,430
3257,10585,唱和,被致書由Y,P,全宋文,267.378-379,,430
3257,11134,唱和,被致書由Y,P,全宋文,287.494-505,,430
3257,11134,唱和,答Y書,A,全宋文,246.378,,431
3257,3075,唱和,答Y書,A,宋人傳記資料索引(電子版),,,431
3257,3075,唱和,答Y書,A,全宋文,244.366-367,,431
3257,3632,唱和,答Y書,A,全宋文,245.298-303,,431
3257,7055,唱和,答Y書,A,全宋文,245.158-268,,431
3257,7164,唱和,答Y書,A,全宋文,245.87,,431
3257,7197,唱和,答Y書,A,全宋文,245.415-416,,431
3257,10566,唱和,答Y書,A,全宋文,246.17,,431
3257,10585,唱和,答Y書,A,全宋文,246.26-27,,431
3257,10749,唱和,答Y書,A,全宋文,248.171-173,,431
3257,3624,唱和,收到Y的答書,P,,,,432
3257,3632,唱和,收到Y的答書,P,全宋文,272.90,,432
3257,7164,唱和,收到Y的答書,P,全宋文,255.100-98,,432
3257,10566,唱和,收到Y的答書,P,全宋文,238.11-58,,432
3257,10585,唱和,收到Y的答書,P,全宋文,267.344,,432
3257,8043,唱和,題Y的書帖,A,,,,439
3257,7055,唱和,為Y之建築物題詠、記、命名,A,宋人傳記資料索引(電子版),6664,0,443
3257,7164,唱和,為Y之建築物題詠、記、命名,A,宋人傳記資料索引(電子版),12490,0,443
3257,8078,唱和,為Y之建築物題詠、記、命名,A,,,,443
3257,10258,唱和,建築物得到Y的題詠、記、命名,P,宋人傳記資料索引(電子版),3237,0,444
3257,3595,唱和,學記（書院記）由Y所作,P,宋人傳記資料索引(電子版),3237,0,458
3257,7055,唱和,學記（書院記）由Y所作,P,宋人傳記資料索引(電子版),3237,0,458
3257,10801,唱和,學記（書院記）由Y所作,P,宋人傳記資料索引(電子版),3237,0,458
3257,11134,唱和,學記（書院記）由Y所作,P,宋人傳記資料索引(電子版),3237,0,458
3257,27727,唱和,學記（書院記）由Y所作,P,宋人傳記資料索引(電子版),3237,0,458
3257,7164,唱和,為Y作學記（書院記）,A,宋人傳記資料索引(電子版),12490,0,459
3257,7055,交往,指教Y,A,,,,468
3257,8043,唱和,為Y之詩文作跋,A,,,,469
3257,11134,交往,由Y代作文,P,宋人傳記資料索引(電子版),3237,0,490
3257,27727,唱和,著作被Y評論,P,宋人傳記資料索引(電子版),3237,0,530
3257,10749,同僚,某事由Y所乞,P,宋人傳記資料索引(電子版),3237,0,552
3257,3624,交往,被Y奏論,P,宋人傳記資料索引(電子版),3237,0,554
3257,8078,唱和,為Y作祠記,A,宋人傳記資料索引(電子版),4926,0,560
3257,7164,唱和,祠記由Y所作,P,宋人傳記資料索引(電子版),3237,0,561
3257,10258,唱和,祠記由Y所作,P,宋人傳記資料索引(電子版),3237,0,561
3257,10749,唱和,祠記由Y所作,P,宋人傳記資料索引(電子版),3237,0,561
3257,10801,唱和,祠記由Y所作,P,宋人傳記資料索引(電子版),3237,0,561
3257,11134,唱和,祠記由Y所作,P,宋人傳記資料索引(電子版),3237,0,561
3257,11800,唱和,祠記由Y所作,P,宋人傳記資料索引(電子版),3237,0,561
3332,3605,好友,友,M,人名權威資料（中央研究院歷史語言研究所）,18182,,9
3332,13575,好友,友,M,人名權威資料（中央研究院歷史語言研究所）,18182,,9
3332,32248,好友,友,M,人名權威資料（中央研究院歷史語言研究所）,18100,,9
3332,33606,好友,友,M,人名權威資料（中央研究院歷史語言研究所）,18572,,9
3332,93952,好友,友,M,人名權威資料（中央研究院歷史語言研究所）,18182,,9
3332,94227,好友,友,M,人名權威資料（中央研究院歷史語言研究所）,18182,,9
3332,13575,同僚,推薦,A,,,824,13
3332,13575,師生,學生為Y,P,韓昌黎文集校注,,797,23
3332,94227,師生,學生為Y,P,人名權威資料（中央研究院歷史語言研究所）,18538,,23
3332,3605,唱和,為Y作墓誌銘,A,,,,44
3332,13624,唱和,為Y作墓誌銘,A,,,824,44
3332,93952,唱和,為Y作墓誌銘,A,韓昌黎文集校注,,815,44
3332,3605,同僚,同僚,M,,,803,197
3332,3605,唱和,贈詩、文,A,唐五代人交往詩索引,1048,,437
3332,3915,唱和,贈詩、文,A,唐五代人交往詩索引,1048,,437
3332,13575,唱和,贈詩、文,A,唐五代人交往詩索引,1043,,437
3332,24654,唱和,贈詩、文,A,唐五代人交往詩索引,1044,,437
3332,32227,唱和,贈詩、文,A,唐五代人交往詩索引,1045,,437
3332,32540,唱和,贈詩、文,A,唐五代人交往詩索引,1047,,437
3332,32822,唱和,贈詩、文,A,唐五代人交往詩索引,1047,,437
3332,92047,唱和,贈詩、文,A,唐五代人交往詩索引,1042,,437
3332,93952,唱和,贈詩、文,A,唐五代人交往詩索引,1044,,437
3332,94227,唱和,贈詩、文,A,唐五代人交往詩索引,1042,,437
3332,13575,唱和,收到Y的贈詩、文,P,唐五代人交往詩索引,281,,438
3332,13624,唱和,收到Y的贈詩、文,P,唐五代人交往詩索引,1139,,438
3332,21194,唱和,收到Y的贈詩、文,P,唐五代人交往詩索引,1089,,438
3332,24412,唱和,收到Y的贈詩、文,P,唐五代人交往詩索引,748,,438
3332,32248,唱和,收到Y的贈詩、文,P,唐五代人交往詩索引,171,,438
3332,33606,唱和,收到Y的贈詩、文,P,唐五代人交往詩索引,1301,,438
3332,93476,唱和,收到Y的贈詩、文,P,唐五代人交往詩索引,250,,438
3332,93952,唱和,收到Y的贈詩、文,P,唐五代人交往詩索引,338,,438
3332,94160,唱和,收到Y的贈詩、文,P,唐五代人交往詩索引,988,,438
3595,11134,好友,友,M,人名權威資料（中央研究院歷史語言研究所）,18567,,9
3595,10258,師生,為Y之學生,A,人名權威資料（中央研究院歷史語言研究所）,18567,,22
3595,10749,師生,為Y之學生,A,人名權威資料（中央研究院歷史語言研究所）,18567,,22
3595,7164,唱和,為Y所著書作序,A,宋人傳記資料索引(電子版),12490,0,32
3595,10258,交往,以Y之志業自任,A,,,1246,41
3595,10258,唱和,為Y作墓誌銘,A,,,1246,44
3595,10749,唱和,書跋由Y所作,P,宋人傳記資料索引(電子版),21658,0,45
3595,27727,唱和,書跋由Y所作,P,宋人傳記資料索引(電子版),21658,0,45
3595,630,唱和,為Y所著書作跋,A,宋人傳記資料索引(電子版),22685,0,46
3595,1384,唱和,為Y所著書作跋,A,宋人傳記資料索引(電子版),20692,0,46
3595,1488,唱和,為Y所著書作跋,A,宋人傳記資料索引(電子版),2420,0,46
3595,1762,唱和,為Y所著書作跋,A,宋人傳記資料索引(電子版),1536,0,46
3595,3257,唱和,為Y所著書作跋,A,宋人傳記資料索引(電子版),3237,0,46
3595,3640,唱和,為Y所著書作跋,A,宋人傳記資料索引(電子版),14736,0,46
3595,3767,唱和,為Y所著書作跋,A,宋人傳記資料索引(電子版),23552,0,46
3595,3888,唱和,為Y所著書作跋,A,宋人傳記資料索引(電子版),18066,0,46
3595,7111,唱和,為Y所著書作跋,A,宋人傳記資料索引(電子版),16026,0,46
3595,7164,唱和,為Y所著書作跋,A,宋人傳記資料索引(電子版),12490,0,46
3595,8078,唱和,為Y所著書作跋,A,宋人傳記資料索引(電子版),4926,0,46
3595,10258,唱和,為Y所著書作跋,A,,,,46
3595,10258,唱和,為Y所著書作跋,A,宋人傳記資料索引(電子版),9994,0,46
3595,11134,唱和,為Y所著書作跋,A,宋人傳記資料索引(電子版),15806,0,46
3595,10258,唱和,為Y作傳,A,,,,133
3595,10258,唱和,為Y作祭文,A,,,1246,145
3595,10258,唱和,為Y作祭文,A,宋人傳記資料索引(電子版),9994,0,145
3595,8078,唱和,為Y之書、畫作跋,A,,,,149
3595,10258,唱和,為Y之書、畫作跋,A,,,,149
3595,3257,唱和,為Y作諡議,A,宋人傳記資料索引(電子版),3237,0,188
3595,10258,唱和,為Y作行狀,A,,,,426
3595,10258,唱和,為Y作行狀,A,宋人傳記資料索引(電子版),9994,0,426
3595,630,唱和,為Y之建築物題詠、記、命名,A,宋人傳記資料索引(電子版),22685,0,443
3595,10258,唱和,為Y之建築物題詠、記、命名,A,宋人傳記資料索引(電子版),9994,0,443
3595,10258,唱和,為Y之建築物題詠、記、命名,A,,,,443
3595,10258,唱和,建築物得到Y的題詠、記、命名,P,宋人傳記資料索引(電子版),21658,0,444
3595,3257,唱和,為Y作學記（書院記）,A,宋人傳記資料索引(電子版),3237,0,459
3595,10258,唱和,祠記由Y所作,P,宋人傳記資料索引(電子版),21658,0,561
3605,33606,好友,友,M,,,,9
3605,33606,交往,同年友,M,,,,10
3605,33606,同僚,與Y結黨,M,,,,21
3605,3332,唱和,墓誌銘由Y所作,P,,,,43
3605,24654,政敵,忌/惡,A,舊唐書,4210,,83
3605,33606,唱和,相唱和,M,,,,114
3605,33606,唱和,祭文由Y所作,P,,,,146
3605,33606,同僚,同僚,M,,,,197
3605,13624,唱和,致Y啓,A,,,,433
3605,24654,唱和,致Y啓,A,,,,433
3605,13060,唱和,贈詩、文,A,唐五代人交往詩索引,1189,,437
3605,24654,唱和,贈詩、文,A,唐五代人交往詩索引,1187,,437
3605,32248,唱和,贈詩、文,A,唐五代人交往詩索引,1187,,437
3605,3332,唱和,收到Y的贈詩、文,P,唐五代人交往詩索引,1048,,438
3605,33606,唱和,收到Y的贈詩、文,P,唐五代人交往詩索引,1303,,438
3605,24654,同僚,上司為Y,P,,,804,481
3605,24654,交往,代Y作文,A,,,,489
3624,3257,同僚,支持,A,宋人傳記資料索引(電子版),20590,,27
3624,1488,唱和,為Y所著書作序,A,,,1193,32
3624,1488,唱和,為Y所著書作序,A,宋人傳記資料索引(電子版),2420,0,32
3624,7026,唱和,為Y所著書作序,A,,,1193,32
3624,7026,唱和,為Y所著書作序,A,宋人傳記資料索引(電子版),9121,0,32
3624,7055,唱和,為Y所著書作序,A,宋人傳記資料索引(電子版),6664,0,32
3624,10585,唱和,為Y所著書作序,A,宋人傳記資料索引(電子版),14583,0,32
3624,4001,唱和,書序由Y所作,P,,,1193,33
3624,4001,唱和,書序由Y所作,P,宋人傳記資料索引(電子版),20590,0,33
3624,10258,唱和,書序由Y所作,P,,,1193,33
3624,10258,唱和,書序由Y所作,P,宋人傳記資料索引(電子版),20590,0,33
3624,10289,唱和,墓誌銘由Y所作,P,,,1193,43
3624,7197,唱和,為Y作墓誌銘,A,,,1193,44
3624,10585,唱和,為Y作墓誌銘,A,,,1193,44
3624,10706,唱和,書跋由Y所作,P,宋人傳記資料索引(電子版),20590,0,45
3624,217,唱和,為Y所著書作跋,A,宋人傳記資料索引(電子版),12940,0,46
3624,1384,唱和,為Y所著書作跋,A,宋人傳記資料索引(電子版),20692,0,46
3624,1488,唱和,為Y所著書作跋,A,宋人傳記資料索引(電子版),2420,0,46
3624,3257,唱和,為Y所著書作跋,A,宋人傳記資料索引(電子版),3237,0,46
3624,3767,唱和,為Y所著書作跋,A,宋人傳記資料索引(電子版),23552,0,46
3624,7111,唱和,為Y所著書作跋,A,宋人傳記資料索引(電子版),16026,0,46
3624,8043,唱和,為Y所著書作跋,A,宋人傳記資料索引(電子版),9075,0,46
3624,10565,唱和,為Y所著書作跋,A,宋人傳記資料索引(電子版),8670,0,46
3624,10585,唱和,為Y所著書作跋,A,宋人傳記資料索引(電子版),14583,0,46
3624,7055,唱和,為Y作祭文,A,宋人傳記資料索引(電子版),6664,0,145
3624,10598,唱和,為Y作祭文,A,,,1193,145
3624,10598,唱和,為Y作祭文,A,宋人傳記資料索引(電子版),1347,0,145
3624,10289,唱和,祭文由Y所作,P,,,1193,146
3624,10289,唱和,祭文由Y所作,P,宋人傳記資料索引(電子版),20590,0,146
3624,10565,唱和,為Y之書、畫作跋,A,,,,149
3624,8043,唱和,為Y作世系碑記,A,,,,151
3624,10258,唱和,為Y作廟碑記,A,宋人傳記資料索引(電子版),9994,0,160
3624,7197,唱和,為Y作神道碑,A,,,,406
3624,10585,唱和,為Y作神道碑,A,宋人傳記資料索引(電子版),14583,,406
3624,10289,唱和,行狀由Y所作,P,宋人傳記資料索引(電子版),20590,0,425
3624,3075,唱和,被致書由Y,P,全宋文,279.172,,430
3624,3257,唱和,答Y書,A,,,,431
3624,10598,唱和,致Y啓,A,,,,433
3624,10258,唱和,答Y啓,A,,,,435
3624,10566,唱和,答Y啓,A,,,,435
3624,1762,唱和,為Y之建築物題詠、記、命名,A,宋人傳記資料索引(電子版),1536,0,443
3624,7111,唱和,為Y之建築物題詠、記、命名,A,宋人傳記資料索引(電子版),16026,0,443
3624,8043,唱和,為Y之建築物題詠、記、命名,A,宋人傳記資料索引(電子版),9075,0,443
3624,10258,唱和,為Y之建築物題詠、記、命名,A,,,,443
3624,3257,交往,上奏論Y,A,宋人傳記資料索引(電子版),3237,0,553
3624,7197,唱和,為Y作祠記,A,宋人傳記資料索引(電子版),8125,,560
3624,8043,唱和,為Y作祠記,A,宋人傳記資料索引(電子版),9075,0,560
3632,10084,唱和,書序由Y所作,P,宋人傳記資料索引(電子版),14772,0,33
3632,10289,唱和,書序由Y所作,P,,,1192,33
3632,10289,唱和,書序由Y所作,P,宋人傳記資料索引(電子版),14772,,33
3632,12367,唱和,書序由Y所作,P,,,1192,33
3632,30374,唱和,書序由Y所作,P,宋人傳記資料索引(電子版),14772,0,33
3632,3257,唱和,書跋由Y所作,P,,,1192,45
3632,3257,唱和,書跋由Y所作,P,宋人傳記資料索引(電子版),14772,0,45
3632,10084,唱和,書跋由Y所作,P,宋人傳記資料索引(電子版),14772,0,45
3632,10740,唱和,書跋由Y所作,P,宋人傳記資料索引(電子版),14772,0,45
3632,10801,唱和,書跋由Y所作,P,宋人傳記資料索引(電子版),14772,0,45
3632,27853,唱和,書跋由Y所作,P,宋人傳記資料索引(電子版),14772,0,45
3632,7055,交往,論學,M,東萊呂太史年譜,233,1174,108
3632,7055,唱和,為Y作祭文,A,,,1192,145
3632,7055,唱和,為Y作祭文,A,宋人傳記資料索引(電子版),6664,0,145
3632,10289,唱和,祭文由Y所作,P,宋人傳記資料索引(電子版),14772,0,146
3632,7055,唱和,致書Y,A,全宋文,271.282,,429
3632,10585,唱和,致書Y,A,全宋文,271.355,,429
3632,27853,唱和,學記（書院記）由Y所作,P,宋人傳記資料索引(電子版),14772,0,458
3632,1762,唱和,為Y作祠記,A,宋人傳記資料索引(電子版),1536,0,560
3632,10740,唱和,祠記由Y所作,P,宋人傳記資料索引(電子版),14772,0,561
3640,7197,好友,友,M,人名權威資料（中央研究院歷史語言研究所）,18485,,9
3640,10566,好友,友,M,人名權威資料（中央研究院歷史語言研究所）,18485,,9
3640,669,唱和,為Y所著書作序,A,,,1184,32
3640,669,唱和,為Y所著書作序,A,宋人傳記資料索引(電子版),22750,0,32
3640,3767,唱和,為Y所著書作序,A,,,1184,32
3640,3767,唱和,為Y所著書作序,A,宋人傳記資料索引(電子版),23552,0,32
3640,3595,唱和,書跋由Y所作,P,宋人傳記資料索引(電子版),14736,0,45
3640,7197,唱和,書跋由Y所作,P,宋人傳記資料索引(電子版),14736,0,45
3640,27727,唱和,書跋由Y所作,P,宋人傳記資料索引(電子版),14736,0,45
3640,28306,唱和,書跋由Y所作,P,宋人傳記資料索引(電子版),14736,0,45
3640,630,唱和,為Y所著書作跋,A,宋人傳記資料索引(電子版),22685,0,46
3640,1384,唱和,為Y所著書作跋,A,宋人傳記資料索引(電子版),20692,0,46
3640,1488,唱和,為Y所著書作跋,A,,,1184,46
3640,1488,唱和,為Y所著書作跋,A,宋人傳記資料索引(電子版),2420,0,46
3640,1762,唱和,為Y所著書作跋,A,宋人傳記資料索引(電子版),1536,0,46
3640,3767,唱和,為Y所著書作跋,A,宋人傳記資料索引(電子版),23552,0,46
3640,7055,唱和,為Y所著書作跋,A,,,1184,46
3640,7055,唱和,為Y所著書作跋,A,宋人傳記資料索引(電子版),6664,0,46
3640,7111,唱和,為Y所著書作跋,A,宋人傳記資料索引(電子版),16026,0,46
3640,7164,唱和,為Y所著書作跋,A,宋人傳記資料索引(電子版),12490,0,46
3640,7197,唱和,為Y所著書作跋,A,宋人傳記資料索引(電子版),8125,0,46
3640,8043,唱和,為Y所著書作跋,A,宋人傳記資料索引(電子版),9075,0,46
3640,8116,唱和,為Y所著書作跋,A,宋人傳記資料索引(電子版),23557,0,46
3640,32540,唱和,稱道Y的詩作,A,劍南詩稿校注,139,1170,71
3640,8008,政敵,為Y所忌/惡,P,宋人傳記資料索引(電子版),14736,,84
3640,10566,唱和,詩社成員,M,宋代士紳結社研究,133,1190,113
3640,669,唱和,為Y作祭文,A,,,1184,145
3640,669,唱和,為Y作祭文,A,宋人傳記資料索引(電子版),22750,0,145
3640,7197,唱和,為Y作祭文,A,,,1184,145
3640,7197,唱和,為Y作祭文,A,宋人傳記資料索引(電子版),8125,0,145
3640,8043,唱和,為Y之書、畫作跋,A,,,,149
3640,669,唱和,臨別得到Y所作贈言(送別詩、序),P,宋人傳記資料索引(電子版),14736,0,163
3640,3767,唱和,為Y作畫贊(畫像記),A,宋人傳記資料索引(電子版),23552,0,428
3640,3257,唱和,被致書由Y,P,全宋文,250.251,,430
3640,7197,唱和,被致書由Y,P,全宋文,229.207-208,,430
3640,10566,唱和,被致書由Y,P,全宋文,237.362,,430
3640,10566,唱和,收到Y的答書,P,全宋文,237.356,,432
3640,669,唱和,贈詩、文,A,劍南詩稿校注,100,1166,437
3640,3915,唱和,贈詩、文,A,劍南詩稿校注,195,1171,437
3640,7197,唱和,贈詩、文,A,劍南詩稿校注,115,1167,437
3767,7111,好友,友,M,宋人傳記資料索引(電子版),,0,9
3767,7364,好友,友,M,人名權威資料（中央研究院歷史語言研究所）,18284,,9
3767,7111,同僚,推薦,A,宋人傳記資料索引(電子版),16026,0,13
3767,1384,同僚,被Y推薦,P,宋人傳記資料索引(電子版),23552,0,14
3767,7026,同僚,被Y推薦,P,宋人傳記資料索引(電子版),23552,0,14
3767,13,同僚,欣賞/器重,A,,,,18
3767,7111,同僚,欣賞/器重,A,,,,18
3767,7111,師生,門人為Y,P,宋人傳記資料索引(電子版),,0,20
3767,217,唱和,為Y所著書作序,A,宋人傳記資料索引(電子版),12940,,32
3767,1384,唱和,為Y所著書作序,A,宋人傳記資料索引(電子版),20692,,32
3767,8043,唱和,為Y所著書作序,A,,,1095,32
3767,3640,唱和,書序由Y所作,P,,,1095,33
3767,3640,唱和,書序由Y所作,P,宋人傳記資料索引(電子版),23552,0,33
3767,4001,唱和,書序由Y所作,P,,,1095,33
3767,4001,唱和,書序由Y所作,P,宋人傳記資料索引(電子版),23552,0,33
3767,217,唱和,為Y作墓誌銘,A,宋人傳記資料索引(電子版),12940,0,44
3767,1488,唱和,為Y作墓誌銘,A,,,1095,44
3767,13,唱和,書跋由Y所作,P,宋人傳記資料索引(電子版),23552,0,45
3767,669,唱和,書跋由Y所作,P,宋人傳記資料索引(電子版),23552,0,45
3767,3257,唱和,書跋由Y所作,P,宋人傳記資料索引(電子版),23552,0,45
3767,3595,唱和,書跋由Y所作,P,宋人傳記資料索引(電子版),23552,0,45
3767,3624,唱和,書跋由Y所作,P,宋人傳記資料索引(電子版),23552,0,45
3767,3640,唱和,書跋由Y所作,P,宋人傳記資料索引(電子版),23552,0,45
3767,4001,唱和,書跋由Y所作,P,宋人傳記資料索引(電子版),23552,0,45
3767,7111,唱和,書跋由Y所作,P,宋人傳記資料索引(電子版),23552,0,45
3767,7197,唱和,書跋由Y所作,P,宋人傳記資料索引(電子版),23552,0,45
3767,7343,唱和,書跋由Y所作,P,宋人傳記資料索引(電子版),23552,0,45
3767,8078,唱和,書跋由Y所作,P,宋人傳記資料索引(電子版),23552,0,45
3767,10084,唱和,書跋由Y所作,P,宋人傳記資料索引(電子版),23552,0,45
3767,10289,唱和,書跋由Y所作,P,宋人傳記資料索引(電子版),23552,0,45
3767,10389,唱和,書跋由Y所作,P,宋人傳記資料索引(電子版),23552,0,45
3767,10706,唱和,書跋由Y所作,P,宋人傳記資料索引(電子版),23552,0,45
3767,10801,唱和,書跋由Y所作,P,宋人傳記資料索引(電子版),23552,0,45
3767,27727,唱和,書跋由Y所作,P,宋人傳記資料索引(電子版),23552,0,45
3767,27853,唱和,書跋由Y所作,P,宋人傳記資料索引(電子版),23552,0,45
3767,27957,唱和,書跋由Y所作,P,宋人傳記資料索引(電子版),23552,0,45
3767,28306,唱和,書跋由Y所作,P,宋人傳記資料索引(電子版),23552,0,45
3767,28617,唱和,書跋由Y所作,P,宋人傳記資料索引(電子版),23552,0,45
3767,217,唱和,為Y所著書作跋,A,,,1095,46
3767,217,唱和,為Y所著書作跋,A,宋人傳記資料索引(電子版),12940,0,46
3767,630,唱和,為Y所著書作跋,A,宋人傳記資料索引(電子版),22685,0,46
3767,1384,唱和,為Y所著書作跋,A,宋人傳記資料索引(電子版),20692,0,46
3767,1384,同僚,被Y推薦參加制科考試,P,,,1095,55
3767,7111,唱和,字說、名述由Y所作,P,宋人傳記資料索引(電子版),23552,0,89
3767,27957,唱和,傳記作者為Y,P,宋人傳記資料索引(電子版),23552,0,132
3767,1762,政敵,反對/不支持Y的政策,A,宋人傳記資料索引(電子版),23552,,136
3767,217,唱和,為Y作祭文,A,,,1095,145
3767,217,唱和,為Y作祭文,A,宋人傳記資料索引(電子版),12940,0,145
3767,630,唱和,為Y作祭文,A,,,1095,145
3767,630,唱和,為Y作祭文,A,宋人傳記資料索引(電子版),22685,0,145
3767,1384,唱和,為Y作祭文,A,,,1095,145
3767,1384,唱和,為Y作祭文,A,宋人傳記資料索引(電子版),20692,,145
3767,1488,唱和,為Y作祭文,A,,,1095,145
3767,1488,唱和,為Y作祭文,A,宋人傳記資料索引(電子版),2420,0,145
3767,13,唱和,祭文由Y所作,P,宋人傳記資料索引(電子版),23552,0,146
3767,7111,唱和,為Y作硯銘,A,宋人傳記資料索引(電子版),16026,0,225
3767,1384,唱和,以文章、學問受知於,A,宋人傳記資料索引(電子版),,1068,292
3767,7197,唱和,神道碑由Y所作,P,宋人傳記資料索引(電子版),23552,0,405
3767,1488,唱和,為Y作神道碑,A,宋人傳記資料索引(電子版),2420,,406
3767,1488,唱和,為Y作行狀,A,宋人傳記資料索引(電子版),2420,,426
3767,13,唱和,畫贊(畫像記)由Y所作,P,宋人傳記資料索引(電子版),23552,0,427
3767,3640,唱和,畫贊(畫像記)由Y所作,P,宋人傳記資料索引(電子版),23552,0,427
3767,7111,唱和,畫贊(畫像記)由Y所作,P,宋人傳記資料索引(電子版),23552,0,427
3767,10598,唱和,畫贊(畫像記)由Y所作,P,宋人傳記資料索引(電子版),23552,0,427
3767,27957,唱和,畫贊(畫像記)由Y所作,P,宋人傳記資料索引(電子版),23552,0,427
3767,28306,唱和,畫贊(畫像記)由Y所作,P,宋人傳記資料索引(電子版),23552,0,427
3767,217,唱和,致書Y,A,全宋文,87.366,,429
3767,630,唱和,致書Y,A,全宋文,87.297,,429
3767,1384,唱和,致書Y,A,全宋文,87.341,,429
3767,1488,唱和,致書Y,A,全宋文,87.360-362,,429
3767,1762,唱和,致書Y,A,全宋文,87.363-364,,429
3767,7026,唱和,致書Y,A,全宋文,89.73,,429
3767,7364,唱和,致書Y,A,全宋文,87.396,,429
3767,8116,唱和,致書Y,A,全宋文,89.390-90,,429
3767,13,唱和,被致書由Y,P,全宋文,126.26,,430
3767,7111,唱和,被致書由Y,P,全宋文,104.283-284,,430
3767,7026,唱和,答Y書,A,全宋文,87.377-382,,431
3767,1762,唱和,收到Y的答書,P,全宋文,64.117,,432
3767,7111,唱和,收到Y的答書,P,全宋文,88.1-4,,432
3767,630,唱和,為Y之建築物題詠、記、命名,A,宋人傳記資料索引(電子版),22685,0,443
3767,1488,同僚,上司為Y,P,人名權威資料（中央研究院歷史語言研究所）,18284,,481
3767,27727,唱和,著作被Y評論,P,宋人傳記資料索引(電子版),23552,0,530
3767,10289,唱和,祠記由Y所作,P,宋人傳記資料索引(電子版),23552,0,561
3888,2022,唱和,書序由Y所作,P,,,1111,33
3888,2022,唱和,書序由Y所作,P,宋人傳記資料索引(電子版),18066,,33
3888,8078,唱和,書序由Y所作,P,,,1111,33
3888,8078,唱和,書序由Y所作,P,宋人傳記資料索引(電子版),18066,,33
3888,27965,唱和,書序由Y所作,P,宋人傳記資料索引(電子版),18066,0,33
3888,10749,唱和,墓誌銘由Y所作,P,宋人傳記資料索引(電子版),18066,0,43
3888,8116,唱和,為Y作墓誌銘,A,,,1111,44
3888,2022,唱和,書跋由Y所作,P,宋人傳記資料索引(電子版),18066,0,45
3888,3595,唱和,書跋由Y所作,P,宋人傳記資料索引(電子版),18066,0,45
3888,7197,唱和,書跋由Y所作,P,,,1111,45
3888,7197,唱和,書跋由Y所作,P,宋人傳記資料索引(電子版),18066,0,45
3888,8078,唱和,書跋由Y所作,P,宋人傳記資料索引(電子版),18066,0,45
3888,35063,唱和,書跋由Y所作,P,宋人傳記資料索引(電子版),18066,,45
3888,630,唱和,為Y所著書作跋,A,宋人傳記資料索引(電子版),22685,0,46
3888,7111,唱和,為Y所著書作跋,A,宋人傳記資料索引(電子版),16026,0,46
3888,8043,唱和,為Y所著書作跋,A,宋人傳記資料索引(電子版),9075,0,46
3888,8116,唱和,為Y作祭文,A,,,1111,145
3888,8116,唱和,為Y作祭文,A,宋人傳記資料索引(電子版),23557,0,145
3888,2022,唱和,祭文由Y所作,P,,,1111,146
3888,2022,唱和,祭文由Y所作,P,宋人傳記資料索引(電子版),18066,0,146
3888,8043,唱和,為Y之書、畫作跋,A,,,,149
3888,2022,唱和,哀辭由Y所作,P,,,1111,166
3888,2022,唱和,哀辭由Y所作,P,宋人傳記資料索引(電子版),18066,0,166
3888,8116,唱和,為Y作行狀,A,宋人傳記資料索引(電子版),23557,0,426
3888,2022,唱和,被致書由Y,P,全宋文,124.180,,430
3888,7164,唱和,祠記由Y所作,P,宋人傳記資料索引(電子版),18066,0,561
3888,10749,唱和,祠記由Y所作,P,宋人傳記資料索引(電子版),18066,0,561
3915,30851,好友,友,M,,,,9
3915,32540,好友,友,M,,,,9
3915,32248,唱和,墓誌銘由Y所作,P,,,770,43
3915,30851,唱和,贈詩、文,A,唐五代人交往詩索引,1100,,437
3915,32174,唱和,贈詩、文,A,唐五代人交往詩索引,1102,,437
3915,32540,唱和,贈詩、文,A,唐五代人交往詩索引,1112,,437
3915,32583,唱和,贈詩、文,A,唐五代人交往詩索引,1107,,437
3915,3332,唱和,收到Y的贈詩、文,P,唐五代人交往詩索引,1048,,438
3915,3640,唱和,收到Y的贈詩、文,P,劍南詩稿校注,195,1171,438
3915,21194,唱和,收到Y的贈詩、文,P,唐五代人交往詩索引,1089,,438
3915,24412,唱和,收到Y的贈詩、文,P,唐五代人交往詩索引,748,,438
3915,30851,唱和,收到Y的贈詩、文,P,唐五代人交往詩索引,36,,438
3915,32227,唱和,收到Y的贈詩、文,P,唐五代人交往詩索引,551,,438
3915,32248,唱和,收到Y的贈詩、文,P,唐五代人交往詩索引,172,,438
3915,32540,唱和,收到Y的贈詩、文,P,李太白全集,,,438
3915,93832,唱和,收到Y的贈詩、文,P,唐五代人交往詩索引,1484,,438
3915,94183,唱和,收到Y的贈詩、文,P,唐五代人交往詩索引,1420,,438
3915,19244,交往,獻文、書于Y,A,,,,505
3915,32540,好友,與Y旅遊,M,,,,555
4001,1384,唱和,為Y所著書作序,A,宋人傳記資料索引(電子版),20692,0,32
4001,1762,唱和,為Y所著書作序,A,,,1237,32
4001,1762,唱和,為Y所著書作序,A,宋人傳記資料索引(電子版),1536,0,32
4001,3257,唱和,為Y所著書作序,A,,,1237,32
4001,3257,唱和,為Y所著書作序,A,宋人傳記資料索引(電子版),3237,0,32
4001,3624,唱和,為Y所著書作序,A,,,1237,32
4001,3624,唱和,為Y所著書作序,A,宋人傳記資料索引(電子版),20590,0,32
4001,3767,唱和,為Y所著書作序,A,,,1237,32
4001,3767,唱和,為Y所著書作序,A,宋人傳記資料索引(電子版),23552,0,32
4001,7026,唱和,為Y所著書作序,A,,,1237,32
4001,7026,唱和,為Y所著書作序,A,宋人傳記資料索引(電子版),9121,0,32
4001,7055,唱和,為Y所著書作序,A,宋人傳記資料索引(電子版),6664,0,32
4001,10801,唱和,書序由Y所作,P,宋人傳記資料索引(電子版),23176,0,33
4001,10258,唱和,為Y作墓誌銘,A,,,1237,44
4001,10084,唱和,書跋由Y所作,P,宋人傳記資料索引(電子版),23176,0,45
4001,27853,唱和,書跋由Y所作,P,宋人傳記資料索引(電子版),23176,0,45
4001,1488,唱和,為Y所著書作跋,A,宋人傳記資料索引(電子版),2420,0,46
4001,1762,唱和,為Y所著書作跋,A,宋人傳記資料索引(電子版),1536,0,46
4001,3257,唱和,為Y所著書作跋,A,宋人傳記資料索引(電子版),3237,0,46
4001,3767,唱和,為Y所著書作跋,A,宋人傳記資料索引(電子版),23552,0,46
4001,7055,唱和,為Y所著書作跋,A,,,1237,46
4001,7055,唱和,為Y所著書作跋,A,宋人傳記資料索引(電子版),6664,0,46
4001,7164,唱和,為Y所著書作跋,A,宋人傳記資料索引(電子版),12490,0,46
4001,10585,唱和,為Y所著書作跋,A,宋人傳記資料索引(電子版),14583,0,46
4001,10749,唱和,為Y作祭文,A,宋人傳記資料索引(電子版),17800,0,145
4001,10749,唱和,為Y作哀辭,A,,,1237,167
4001,3257,交往,私淑Y之學,A,朱子門人,357,,256
4001,10258,唱和,為Y作神道碑,A,,,,406
4001,10258,唱和,為Y作神道碑,A,宋人傳記資料索引(電子版),9994,0,406
4001,10258,唱和,致書Y,A,全宋文,309.411,,429
4001,10749,唱和,致書Y,A,全宋文,309.308,,429
4001,10258,唱和,答Y書,A,全宋文,309.386,,431
4001,10258,唱和,為Y之建築物題詠、記、命名,A,宋人傳記資料索引(電子版),9994,0,443
4001,10258,唱和,為Y之建築物題詠、記、命名,A,,,,443
4001,10801,唱和,學記（書院記）由Y所作,P,宋人傳記資料索引(電子版),23176,0,458
7026,3767,同僚,推薦,A,宋人傳記資料索引(電子版),23552,0,13
7026,1488,同僚,被Y推薦,P,,,1098,14
7026,1488,同僚,被Y推薦,P,宋人傳記資料索引(電子版),9121,0,14
7026,1488,唱和,為Y所著書作序,A,宋人傳記資料索引(電子版),2420,0,32
7026,3624,唱和,書序由Y所作,P,,,1098,33
7026,3624,唱和,書序由Y所作,P,宋人傳記資料索引(電子版),9121,0,33
7026,4001,唱和,書序由Y所作,P,,,1098,33
7026,4001,唱和,書序由Y所作,P,宋人傳記資料索引(電子版),9121,0,33
7026,7197,唱和,書跋由Y所作,P,宋人傳記資料索引(電子版),9121,0,45
7026,1488,唱和,為Y作祭文,A,,,1098,145
7026,1488,唱和,為Y作祭文,A,宋人傳記資料索引(電子版),2420,0,145
7026,1488,唱和,為Y作祝詞,A,宋人傳記資料索引(電子版),2420,0,147
7026,1488,唱和,被致書由Y,P,全宋文,56.82,,430
7026,3767,唱和,被致書由Y,P,全宋文,89.73,,430
7026,1488,唱和,收到Y的答書,P,全宋文,56.79,,432
7026,3767,唱和,收到Y的答書,P,全宋文,87.377-382,,432
7026,7197,唱和,其書帖由Y作題,P,,,,440
7026,1488,唱和,為Y之建築物題詠、記、命名,A,宋人傳記資料索引(電子版),2420,0,443
7026,7343,唱和,著作被Y評論,P,宋人傳記資料索引(電子版),9121,0,530
7055,7164,好友,友,M,人名權威資料（中央研究院歷史語言研究所）,18095,,9
7055,10289,師生,門人為Y,P,,,1181,20
7055,3257,唱和,書序由Y所作,P,宋人傳記資料索引(電子版),6664,0,33
7055,3624,唱和,書序由Y所作,P,,,1181,33
7055,3624,唱和,書序由Y所作,P,宋人傳記資料索引(電子版),6664,0,33
7055,4001,唱和,書序由Y所作,P,宋人傳記資料索引(電子版),6664,0,33
7055,7164,唱和,書序由Y所作,P,,,1181,33
7055,7164,唱和,書序由Y所作,P,宋人傳記資料索引(電子版),6664,0,33
7055,7197,唱和,書序由Y所作,P,,,1181,33
7055,7197,唱和,書序由Y所作,P,宋人傳記資料索引(電子版),6664,0,33
7055,10706,唱和,書序由Y所作,P,宋人傳記資料索引(電子版),6664,0,33
7055,27727,唱和,書序由Y所作,P,,,,33
7055,27727,唱和,書序由Y所作,P,宋人傳記資料索引(電子版),6664,0,33
7055,3257,唱和,書跋由Y所作,P,,,1181,45
7055,3640,唱和,書跋由Y所作,P,,,1181,45
7055,3640,唱和,書跋由Y所作,P,宋人傳記資料索引(電子版),6664,0,45
7055,4001,唱和,書跋由Y所作,P,,,1181,45
7055,4001,唱和,書跋由Y所作,P,宋人傳記資料索引(電子版),6664,0,45
7055,7197,唱和,書跋由Y所作,P,,,1181,45
7055,7197,唱和,書跋由Y所作,P,宋人傳記資料索引(電子版),6664,0,45
7055,10258,唱和,書跋由Y所作,P,宋人傳記資料索引(電子版),6664,0,45
7055,10706,唱和,書跋由Y所作,P,,,,45
7055,10706,唱和,書跋由Y所作,P,宋人傳記資料索引(電子版),6664,0,45
7055,10740,唱和,書跋由Y所作,P,宋人傳記資料索引(電子版),6664,0,45
7055,27957,唱和,書跋由Y所作,P,宋人傳記資料索引(電子版),6664,0,45
7055,7164,唱和,為Y作祭文,A,,,1181,145
7055,7164,唱和,為Y作祭文,A,宋人傳記資料索引(電子版),12490,0,145
7055,3075,唱和,祭文由Y所作,P,宋人傳記資料索引(電子版),6664,0,146
7055,3257,唱和,祭文由Y所作,P,,,1181,146
7055,3257,唱和,祭文由Y所作,P,宋人傳記資料索引(電子版),6664,0,146
7055,3624,唱和,祭文由Y所作,P,宋人傳記資料索引(電子版),6664,0,146
7055,3632,唱和,祭文由Y所作,P,,,1181,146
7055,3632,唱和,祭文由Y所作,P,宋人傳記資料索引(電子版),6664,0,146
7055,7197,唱和,祭文由Y所作,P,,,1181,146
7055,7197,唱和,祭文由Y所作,P,宋人傳記資料索引(電子版),6664,0,146
7055,10289,唱和,祭文由Y所作,P,,,,146
7055,10566,唱和,祭文由Y所作,P,,,,146
7055,10585,唱和,祭文由Y所作,P,宋人傳記資料索引(電子版),6664,0,146
7055,10749,唱和,祭文由Y所作,P,宋人傳記資料索引(電子版),6664,0,146
7055,27727,唱和,祭文由Y所作,P,宋人傳記資料索引(電子版),6664,0,146
7055,10258,唱和,書、畫由Y作跋,P,,,,150
7055,3624,唱和,世系碑記由Y所作,P,,,,152
7055,10258,唱和,世系碑記由Y所作,P,,,,152
7055,669,唱和,畫贊(畫像記)由Y所作,P,,,,427
7055,669,唱和,畫贊(畫像記)由Y所作,P,宋人傳記資料索引(電子版),6664,0,427
7055,3257,唱和,畫贊(畫像記)由Y所作,P,,,,427
7055,3257,唱和,畫贊(畫像記)由Y所作,P,宋人傳記資料索引(電子版),6664,0,427
7055,7164,唱和,致書Y,A,全宋文,261.62-66,,429
7055,7197,唱和,致書Y,A,全宋文,261.119-131,,429
7055,10585,唱和,致書Y,A,全宋文,261.146,,429
7055,10749,唱和,致書Y,A,全宋文,261.227,,429
7055,3632,唱和,被致書由Y,P,全宋文,271.282,,430
7055,7164,唱和,被致書由Y,P,全宋文,255.122-127,,430
7055,7197,唱和,被致書由Y,P,全宋文,229.195-196,,430
7055,3257,唱和,收到Y的答書,P,全宋文,245.158-268,,432
7055,3257,唱和,建築物得到Y的題詠、記、命名,P,宋人傳記資料索引(電子版),6664,0,444
7055,3257,唱和,為Y作學記（書院記）,A,宋人傳記資料索引(電子版),3237,0,459
7055,3257,交往,向Y問學,P,,,,467
7055,7197,交往,被Y奏論,P,宋人傳記資料索引(電子版),6664,0,554
7055,10258,唱和,祠記由Y所作,P,宋人傳記資料索引(電子版),6664,0,561
7111,3767,好友,友,M,,,,9
7111,3767,同僚,被Y推薦,P,宋人傳記資料索引(電子版),16026,0,14
7111,1762,同僚,被Y欣賞/器重,P,,,,17
7111,3767,同僚,被Y欣賞/器重,P,,,,17
7111,4001,唱和,書序由Y所作,P,宋人傳記資料索引(電子版),16026,0,33
7111,13,唱和,墓誌銘由Y所作,P,宋人傳記資料索引(電子版),16026,0,43
7111,13,唱和,書跋由Y所作,P,宋人傳記資料索引(電子版),16026,0,45
7111,669,唱和,書跋由Y所作,P,宋人傳記資料索引(電子版),16026,0,45
7111,3257,唱和,書跋由Y所作,P,宋人傳記資料索引(電子版),16026,0,45
7111,3595,唱和,書跋由Y所作,P,宋人傳記資料索引(電子版),16026,0,45
7111,3624,唱和,書跋由Y所作,P,宋人傳記資料索引(電子版),16026,0,45
7111,3640,唱和,書跋由Y所作,P,宋人傳記資料索引(電子版),16026,0,45
7111,3888,唱和,書跋由Y所作,P,宋人傳記資料索引(電子版),16026,0,45
7111,4001,唱和,書跋由Y所作,P,宋人傳記資料索引(電子版),16026,0,45
7111,7197,唱和,書跋由Y所作,P,宋人傳記資料索引(電子版),16026,0,45
7111,8078,唱和,書跋由Y所作,P,宋人傳記資料索引(電子版),16026,0,45
7111,10289,唱和,書跋由Y所作,P,宋人傳記資料索引(電子版),16026,0,45
7111,10566,唱和,書跋由Y所作,P,宋人傳記資料索引(電子版),16026,0,45
7111,10585,唱和,書跋由Y所作,P,宋人傳記資料索引(電子版),16026,0,45
7111,10801,唱和,書跋由Y所作,P,宋人傳記資料索引(電子版),16026,0,45
7111,27853,唱和,書跋由Y所作,P,宋人傳記資料索引(電子版),16026,0,45
7111,27957,唱和,書跋由Y所作,P,宋人傳記資料索引(電子版),16026,0,45
7111,28617,唱和,書跋由Y所作,P,宋人傳記資料索引(電子版),16026,0,45
7111,630,唱和,為Y所著書作跋,A,宋人傳記資料索引(電子版),22685,0,46
7111,1384,唱和,為Y所著書作跋,A,宋人傳記資料索引(電子版),20692,0,46
7111,1762,唱和,為Y所著書作跋,A,宋人傳記資料索引(電子版),1536,0,46
7111,3767,唱和,為Y所著書作跋,A,宋人傳記資料索引(電子版),23552,0,46
7111,7364,唱和,為Y所著書作跋,A,宋人傳記資料索引(電子版),15520,0,46
7111,8043,唱和,為Y所著書作跋,A,宋人傳記資料索引(電子版),9075,0,46
7111,3767,唱和,為Y作字說、名述,A,宋人傳記資料索引(電子版),23552,0,88
7111,1488,唱和,為Y作祭文,A,,,1097,145
7111,1488,唱和,為Y作祭文,A,宋人傳記資料索引(電子版),2420,0,145
7111,8043,唱和,為Y之書、畫作跋,A,,,,149
7111,3767,唱和,硯銘由Y所作,P,宋人傳記資料索引(電子版),16026,0,226
7111,7197,唱和,佛寺記由Y所作,P,宋人傳記資料索引(電子版),16026,0,240
7111,3767,唱和,為Y作畫贊(畫像記),A,宋人傳記資料索引(電子版),23552,0,428
7111,217,唱和,致書Y,A,全宋文,104.287,,429
7111,1384,唱和,致書Y,A,全宋文,104.295,,429
7111,3767,唱和,致書Y,A,全宋文,104.283-284,,429
7111,3624,唱和,建築物得到Y的題詠、記、命名,P,宋人傳記資料索引(電子版),16026,0,444
7111,8043,唱和,為Y之詩文作跋,A,,,,469
7111,7197,唱和,祠記由Y所作,P,宋人傳記資料索引(電子版),16026,0,561
7111,10566,唱和,祠記由Y所作,P,宋人傳記資料索引(電子版),16026,0,561
7164,10566,好友,友,M,人名權威資料（中央研究院歷史語言研究所）,18504,,9
7164,10598,同僚,被Y推薦,P,,,1180,14
7164,10598,同僚,被Y推薦,P,宋人傳記資料索引(電子版),12490,0,14
7164,7055,唱和,為Y所著書作序,A,,,1180,32
7164,7055,唱和,為Y所著書作序,A,宋人傳記資料索引(電子版),6664,0,32
7164,3595,唱和,書序由Y所作,P,宋人傳記資料索引(電子版),12490,0,33
7164,10566,唱和,書序由Y所作,P,宋人傳記資料索引(電子版),12490,0,33
7164,27727,唱和,書序由Y所作,P,宋人傳記資料索引(電子版),12490,0,33
7164,3257,唱和,墓誌銘由Y所作,P,,,1180,43
7164,3257,唱和,書跋由Y所作,P,宋人傳記資料索引(電子版),12490,0,45
7164,3595,唱和,書跋由Y所作,P,宋人傳記資料索引(電子版),12490,0,45
7164,3640,唱和,書跋由Y所作,P,宋人傳記資料索引(電子版),12490,0,45
7164,4001,唱和,書跋由Y所作,P,宋人傳記資料索引(電子版),12490,0,45
7164,7197,唱和,書跋由Y所作,P,宋人傳記資料索引(電子版),12490,0,45
7164,10258,唱和,書跋由Y所作,P,宋人傳記資料索引(電子版),12490,0,45
7164,10566,唱和,書跋由Y所作,P,宋人傳記資料索引(電子版),12490,0,45
7164,10585,唱和,書跋由Y所作,P,宋人傳記資料索引(電子版),12490,0,45
7164,10740,唱和,書跋由Y所作,P,宋人傳記資料索引(電子版),12490,0,45
7164,1488,唱和,為Y所著書作跋,A,宋人傳記資料索引(電子版),2420,0,46
7164,8043,唱和,為Y所著書作跋,A,宋人傳記資料索引(電子版),9075,0,46
7164,10566,唱和,傳記作者為Y,P,,,1180,132
7164,10566,唱和,傳記作者為Y,P,宋人傳記資料索引(電子版),12490,0,132
7164,10598,唱和,為Y作祭文,A,宋人傳記資料索引(電子版),1347,0,145
7164,3257,唱和,祭文由Y所作,P,,,1180,146
7164,3257,唱和,祭文由Y所作,P,宋人傳記資料索引(電子版),12490,0,146
7164,7055,唱和,祭文由Y所作,P,,,1181,146
7164,7055,唱和,祭文由Y所作,P,宋人傳記資料索引(電子版),12490,0,146
7164,7197,唱和,祭文由Y所作,P,,,1180,146
7164,7197,唱和,祭文由Y所作,P,宋人傳記資料索引(電子版),12490,0,146
7164,10566,唱和,祭文由Y所作,P,,,1180,146
7164,10566,唱和,祭文由Y所作,P,宋人傳記資料索引(電子版),12490,0,146
7164,10585,唱和,祭文由Y所作,P,,,1180,146
7164,10585,唱和,祭文由Y所作,P,宋人傳記資料索引(電子版),12490,0,146
7164,27727,唱和,祭文由Y所作,P,宋人傳記資料索引(電子版),12490,0,146
7164,2022,交往,宗Y之學,A,宋人傳記資料索引(電子版),17096,,208
7164,3257,唱和,神道碑由Y所作,P,宋人傳記資料索引(電子版),12490,0,405
7164,3257,唱和,畫贊(畫像記)由Y所作,P,宋人傳記資料索引(電子版),12490,0,427
7164,10566,唱和,畫贊(畫像記)由Y所作,P,宋人傳記資料索引(電子版),12490,0,427
7164,7197,唱和,致書Y,A,,,,429
7164,7197,唱和,致書Y,A,全宋文,255.46-48,,429
7164,3257,唱和,被致書由Y,P,全宋文,245.61,,430
7164,7197,唱和,被致書由Y,P,全宋文,229.191-194,,430
7164,7343,唱和,被致書由Y,P,全宋文,160.250-251,,430
7164,10565,唱和,被致書由Y,P,全宋文,195.198-199,,430
7164,10566,唱和,被致書由Y,P,全宋文,237.311,,430
7164,11800,唱和,答Y書,A,全宋文,255.148,,431
7164,8043,唱和,題Y的書帖,A,,,,439
7164,2022,唱和,為Y之建築物題詠、記、命名,A,宋人傳記資料索引(電子版),17096,0,443
7164,3257,唱和,建築物得到Y的題詠、記、命名,P,宋人傳記資料索引(電子版),12490,0,444
7164,10566,唱和,建築物得到Y的題詠、記、命名,P,宋人傳記資料索引(電子版),12490,0,444
7164,3257,唱和,學記（書院記）由Y所作,P,宋人傳記資料索引(電子版),12490,0,458
7164,10801,唱和,學記（書院記）由Y所作,P,宋人傳記資料索引(電子版),12490,0,458
7164,8043,唱和,為Y之詩文作跋,A,,,,469
7164,3257,唱和,為Y作祠記,A,宋人傳記資料索引(電子版),3237,0,560
7164,3888,唱和,為Y作祠記,A,宋人傳記資料索引(電子版),18066,0,560
7164,10566,唱和,祠記由Y所作,P,宋人傳記資料索引(電子版),12490,0,561
7197,10566,好友,友,M,人名權威資料（中央研究院歷史語言研究所）,18504,,9
7197,1384,唱和,為Y所著書作序,A,宋人傳記資料索引(電子版),20692,0,32
7197,7055,唱和,為Y所著書作序,A,,,1181,32
7197,7055,唱和,為Y所著書作序,A,宋人傳記資料索引(電子版),6664,0,32
7197,7343,唱和,為Y所著書作序,A,,,,32
7197,8116,唱和,為Y所著書作序,A,宋人傳記資料索引(電子版),23557,0,32
7197,3624,唱和,墓誌銘由Y所作,P,,,1181,43
7197,10706,唱和,書跋由Y所作,P,宋人傳記資料索引(電子版),8125,0,45
7197,19123,唱和,書跋由Y所作,P,宋人傳記資料索引(電子版),8125,0,45
7197,217,唱和,為Y所著書作跋,A,宋人傳記資料索引(電子版),12940,0,46
7197,630,唱和,為Y所著書作跋,A,宋人傳記資料索引(電子版),22685,0,46
7197,1384,唱和,為Y所著書作跋,A,宋人傳記資料索引(電子版),20692,0,46
7197,1488,唱和,為Y所著書作跋,A,宋人傳記資料索引(電子版),2420,0,46
7197,1762,唱和,為Y所著書作跋,A,宋人傳記資料索引(電子版),1536,0,46
7197,3257,唱和,為Y所著書作跋,A,宋人傳記資料索引(電子版),3237,0,46
7197,3767,唱和,為Y所著書作跋,A,宋人傳記資料索引(電子版),23552,0,46
7197,3888,唱和,為Y所著書作跋,A,,,1181,46
7197,3888,唱和,為Y所著書作跋,A,宋人傳記資料索引(電子版),18066,0,46
7197,7026,唱和,為Y所著書作跋,A,宋人傳記資料索引(電子版),9121,0,46
7197,7055,唱和,為Y所著書作跋,A,,,1181,46
7197,7055,唱和,為Y所著書作跋,A,宋人傳記資料索引(電子版),6664,0,46
7197,7111,唱和,為Y所著書作跋,A,宋人傳記資料索引(電子版),16026,0,46
7197,7164,唱和,為Y所著書作跋,A,宋人傳記資料索引(電子版),12490,0,46
7197,7364,唱和,為Y所著書作跋,A,宋人傳記資料索引(電子版),15520,0,46
7197,8043,唱和,為Y所著書作跋,A,宋人傳記資料索引(電子版),9075,0,46
7197,8078,唱和,為Y所著書作跋,A,宋人傳記資料索引(電子版),4926,0,46
7197,10565,唱和,為Y所著書作跋,A,宋人傳記資料索引(電子版),8670,0,46
7197,10566,唱和,為Y所著書作跋,A,宋人傳記資料索引(電子版),17499,0,46
7197,10598,唱和,為Y所著書作跋,A,宋人傳記資料索引(電子版),1347,0,46
7197,7055,唱和,為Y作祭文,A,,,1181,145
7197,7055,唱和,為Y作祭文,A,宋人傳記資料索引(電子版),6664,0,145
7197,7164,唱和,為Y作祭文,A,,,1181,145
7197,7164,唱和,為Y作祭文,A,宋人傳記資料索引(電子版),12490,0,145
7197,3640,唱和,祭文由Y所作,P,,,,146
7197,3640,唱和,祭文由Y所作,P,宋人傳記資料索引(電子版),8125,0,146
7197,10566,唱和,祭文由Y所作,P,,,,146
7197,10566,唱和,祭文由Y所作,P,宋人傳記資料索引(電子版),8125,0,146
7197,8078,唱和,為Y之書、畫作跋,A,,,,149
7197,10565,唱和,為Y之書、畫作跋,A,,,,149
7197,7111,唱和,為Y作佛寺記,A,宋人傳記資料索引(電子版),16026,0,239
7197,3624,唱和,神道碑由Y所作,P,,,,405
7197,3767,唱和,為Y作神道碑,A,宋人傳記資料索引(電子版),23552,0,406
7197,10565,唱和,為Y作神道碑,A,宋人傳記資料索引(電子版),8670,,406
7197,10565,唱和,為Y作神道碑,A,,,,406
7197,10565,唱和,為Y作畫贊(畫像記),A,宋人傳記資料索引(電子版),8670,0,428
7197,10565,唱和,為Y作畫贊(畫像記),A,,,,428
7197,3640,唱和,致書Y,A,全宋文,229.207-208,,429
7197,10585,唱和,致書Y,A,全宋文,229.208-209,,429
7197,10749,唱和,致書Y,A,全宋文,229.212,,429
7197,3257,唱和,被致書由Y,P,全宋文,244.360,,430
7197,7164,唱和,被致書由Y,P,,,,430
7197,10566,唱和,被致書由Y,P,全宋文,238.111-170,,430
7197,10585,唱和,被致書由Y,P,全宋文,267.360,,430
7197,3257,唱和,收到Y的答書,P,全宋文,245.415-416,,432
7197,10566,唱和,收到Y的答書,P,全宋文,238.108-67,,432
7197,7026,唱和,題Y的書帖,A,,,,439
7197,8043,唱和,題Y的書帖,A,,,,439
7197,1384,唱和,為Y之建築物題詠、記、命名,A,宋人傳記資料索引(電子版),20692,0,443
7197,10565,唱和,為Y之建築物題詠、記、命名,A,宋人傳記資料索引(電子版),8670,0,443
7197,10565,唱和,為Y之建築物題詠、記、命名,A,,,,443
7197,10566,唱和,為Y之建築物題詠、記、命名,A,宋人傳記資料索引(電子版),17499,0,443
7197,7055,交往,上奏論Y,A,宋人傳記資料索引(電子版),6664,0,553
7197,7111,唱和,為Y作祠記,A,宋人傳記資料索引(電子版),16026,0,560
7197,3624,唱和,祠記由Y所作,P,宋人傳記資料索引(電子版),8125,,561
7343,1649,政敵,彈劾,A,宋人傳記資料索引(電子版),20853,,11
7343,7197,唱和,書序由Y所作,P,,,,33
7343,29876,唱和,書跋由Y所作,P,宋人傳記資料索引(電子版),10502,,45
7343,3767,唱和,為Y所著書作跋,A,宋人傳記資料索引(電子版),23552,0,46
7343,8008,唱和,為Y所著書作跋,A,宋人傳記資料索引(電子版),10280,0,46
7343,3257,唱和,傳記作者為Y,P,宋人傳記資料索引(電子版),10502,0,132
7343,3257,政敵,被Y批評,P,,,,270
7343,7164,唱和,致書Y,A,全宋文,160.250-251,,429
7343,1384,唱和,為Y之建築物題詠、記、命名,A,宋人傳記資料索引(電子版),20692,0,443
7343,1488,唱和,為Y之建築物題詠、記、命名,A,宋人傳記資料索引(電子版),2420,0,443
7343,1762,唱和,評論Y之著作,A,宋人傳記資料索引(電子版),1536,0,529
7343,7026,唱和,評論Y之著作,A,宋人傳記資料索引(電子版),9121,0,529
7364,1384,同僚,被Y推薦,P,宋人傳記資料索引(電子版),15520,0,14
7364,1384,師生,為Y之學生,A,人名權威資料（中央研究院歷史語言研究所）,18589,,22
7364,32540,唱和,為Y所著書作序,A,李太白全集,,,32
7364,3257,唱和,書序由Y所作,P,宋人傳記資料索引(電子版),15520,,33
7364,27853,唱和,書序由Y所作,P,宋人傳記資料索引(電子版),15520,0,33
7364,3257,唱和,書跋由Y所作,P,宋人傳記資料索引(電子版),15520,0,45
7364,7111,唱和,書跋由Y所作,P,宋人傳記資料索引(電子版),15520,0,45
7364,7197,唱和,書跋由Y所作,P,宋人傳記資料索引(電子版),15520,0,45
7364,10706,唱和,書跋由Y所作,P,宋人傳記資料索引(電子版),15520,0,45
7364,10740,唱和,書跋由Y所作,P,宋人傳記資料索引(電子版),15520,0,45
7364,10801,唱和,書跋由Y所作,P,宋人傳記資料索引(電子版),15520,0,45
7364,1384,唱和,為Y作祭文,A,,,1083,145
7364,1384,唱和,為Y作祭文,A,宋人傳記資料索引(電子版),20692,0,145
7364,1384,唱和,臨別得到Y所作贈言(送別詩、序),P,,,1083,163
7364,1384,唱和,臨別得到Y所作贈言(送別詩、序),P,宋人傳記資料索引(電子版),15520,0,163
7364,3767,唱和,被致書由Y,P,全宋文,87.396,,430
7364,1384,唱和,收到Y的答書,P,全宋文,33.338-339,,432
7364,1762,唱和,收到Y的答書,P,全宋文,64.120,,432
7364,1384,唱和,為Y之建築物題詠、記、命名,A,宋人傳記資料索引(電子版),20692,0,443
7364,10801,唱和,祠記由Y所作,P,宋人傳記資料索引(電子版),15520,0,561
7364,27957,唱和,祠記由Y所作,P,宋人傳記資料索引(電子版),15520,0,561
8008,10565,政敵,排擠,A,,,1155,29
8008,27727,唱和,書序由Y所作,P,宋人傳記資料索引(電子版),10280,0,33
8008,7343,唱和,書跋由Y所作,P,宋人傳記資料索引(電子版),10280,0,45
8008,27727,唱和,書跋由Y所作,P,宋人傳記資料索引(電子版),10280,0,45
8008,3640,政敵,忌/惡,A,宋人傳記資料索引(電子版),14736,,83
8008,10565,政敵,其處決係由Y建議,P,,,1155,129
8008,10565,同僚,門客為Y,P,,,0,131
8008,10565,政敵,其政策被Y反對/不支持,P,宋人傳記資料索引(電子版),8670,,137
8008,2022,唱和,被致書由Y,P,全宋文,124.227,,430
8008,8078,唱和,被致書由Y,P,全宋文,171.223,,430
8008,27727,唱和,著作被Y評論,P,宋人傳記資料索引(電子版),10280,0,530
8043,217,同僚,推薦,A,宋人傳記資料索引(電子版),12940,0,13
8043,1384,同僚,推薦,A,,,1045,13
8043,1384,同僚,推薦,A,宋人傳記資料索引(電子版),20692,0,13
8043,630,唱和,書序由Y所作,P,,,1045,33
8043,630,唱和,書序由Y所作,P,宋人傳記資料索引(電子版),9075,0,33
8043,3767,唱和,書序由Y所作,P,,,1045,33
8043,3257,唱和,書跋由Y所作,P,宋人傳記資料索引(電子版),9075,0,45
8043,3624,唱和,書跋由Y所作,P,宋人傳記資料索引(電子版),9075,0,45
8043,3640,唱和,書跋由Y所作,P,宋人傳記資料索引(電子版),9075,0,45
8043,3888,唱和,書跋由Y所作,P,宋人傳記資料索引(電子版),9075,0,45
8043,7111,唱和,書跋由Y所作,P,宋人傳記資料索引(電子版),9075,0,45
8043,7164,唱和,書跋由Y所作,P,宋人傳記資料索引(電子版),9075,0,45
8043,7197,唱和,書跋由Y所作,P,宋人傳記資料索引(電子版),9075,0,45
8043,10084,唱和,書跋由Y所作,P,宋人傳記資料索引(電子版),9075,0,45
8043,10289,唱和,書跋由Y所作,P,宋人傳記資料索引(電子版),9075,0,45
8043,10740,唱和,書跋由Y所作,P,宋人傳記資料索引(電子版),9075,0,45
8043,28143,唱和,書跋由Y所作,P,宋人傳記資料索引(電子版),9075,0,45
8043,10566,交往,節行為Y所稱道,A,,,,68
8043,8078,唱和,傳記作者為Y,P,宋人傳記資料索引(電子版),9075,0,132
8043,217,唱和,祭文由Y所作,P,,,1045,146
8043,217,唱和,祭文由Y所作,P,宋人傳記資料索引(電子版),9075,0,146
8043,630,唱和,祭文由Y所作,P,,,1045,146
8043,630,唱和,祭文由Y所作,P,宋人傳記資料索引(電子版),9075,0,146
8043,1384,唱和,祭文由Y所作,P,,,1045,146
8043,1384,唱和,祭文由Y所作,P,宋人傳記資料索引(電子版),9075,0,146
8043,1488,唱和,祭文由Y所作,P,,,1045,146
8043,1488,唱和,祭文由Y所作,P,宋人傳記資料索引(電子版),9075,0,146
8043,1762,唱和,祭文由Y所作,P,,,1045,146
8043,1762,唱和,祭文由Y所作,P,宋人傳記資料索引(電子版),9075,0,146
8043,8116,唱和,祭文由Y所作,P,宋人傳記資料索引(電子版),9075,0,146
8043,3640,唱和,書、畫由Y作跋,P,,,,150
8043,3888,唱和,書、畫由Y作跋,P,,,,150
8043,7111,唱和,書、畫由Y作跋,P,,,,150
8043,10289,唱和,書、畫由Y作跋,P,,,,150
8043,28143,唱和,書、畫由Y作跋,P,,,,150
8043,3624,唱和,世系碑記由Y所作,P,,,,152
8043,10598,唱和,世系碑記由Y所作,P,,,,152
8043,1384,唱和,神道碑由Y所作,P,,,1045,405
8043,1384,唱和,神道碑由Y所作,P,宋人傳記資料索引(電子版),9075,0,405
8043,10598,唱和,畫贊(畫像記)由Y所作,P,,,,427
8043,28617,唱和,畫贊(畫像記)由Y所作,P,,,,427
8043,28617,唱和,畫贊(畫像記)由Y所作,P,宋人傳記資料索引(電子版),9075,0,427
8043,217,唱和,被致書由Y,P,,,,430
8043,1384,唱和,被致書由Y,P,全宋文,33.65,,430
8043,1384,唱和,收到Y的答書,P,全宋文,33.52,,432
8043,3257,唱和,其書帖由Y作題,P,,,,440
8043,7164,唱和,其書帖由Y作題,P,,,,440
8043,7197,唱和,其書帖由Y作題,P,,,,440
8043,3624,唱和,建築物得到Y的題詠、記、命名,P,宋人傳記資料索引(電子版),9075,0,444
8043,10566,唱和,建築物得到Y的題詠、記、命名,P,宋人傳記資料索引(電子版),9075,0,444
8043,3257,唱和,詩文跋由Y所作,P,,,,470
8043,7111,唱和,詩文跋由Y所作,P,,,,470
8043,7164,唱和,詩文跋由Y所作,P,,,,470
8043,3624,唱和,祠記由Y所作,P,宋人傳記資料索引(電子版),9075,0,561
8043,10598,唱和,祠記由Y所作,P,宋人傳記資料索引(電子版),9075,0,561
8078,3888,唱和,為Y所著書作序,A,,,1140,32
8078,3888,唱和,為Y所著書作序,A,宋人傳記資料索引(電子版),18066,,32
8078,2022,唱和,書序由Y所作,P,宋人傳記資料索引(電子版),4926,0,33
8078,2022,唱和,書序由Y所作,P,,,,33
8078,3257,唱和,書序由Y所作,P,宋人傳記資料索引(電子版),4926,0,33
8078,3257,唱和,書序由Y所作,P,,,,33
8078,2022,唱和,書跋由Y所作,P,宋人傳記資料索引(電子版),4926,0,45
8078,3257,唱和,書跋由Y所作,P,,,1140,45
8078,3595,唱和,書跋由Y所作,P,宋人傳記資料索引(電子版),4926,0,45
8078,7197,唱和,書跋由Y所作,P,宋人傳記資料索引(電子版),4926,0,45
8078,10289,唱和,書跋由Y所作,P,宋人傳記資料索引(電子版),4926,0,45
8078,10289,唱和,書跋由Y所作,P,,,,45
8078,10706,唱和,書跋由Y所作,P,宋人傳記資料索引(電子版),4926,0,45
8078,1384,唱和,為Y所著書作跋,A,宋人傳記資料索引(電子版),20692,0,46
8078,1488,唱和,為Y所著書作跋,A,宋人傳記資料索引(電子版),2420,0,46
8078,3767,唱和,為Y所著書作跋,A,宋人傳記資料索引(電子版),23552,0,46
8078,3888,唱和,為Y所著書作跋,A,宋人傳記資料索引(電子版),18066,0,46
8078,7111,唱和,為Y所著書作跋,A,宋人傳記資料索引(電子版),16026,0,46
8078,630,唱和,為Y作傳,A,宋人傳記資料索引(電子版),22685,0,133
8078,8043,唱和,為Y作傳,A,宋人傳記資料索引(電子版),9075,0,133
8078,2022,唱和,為Y作祭文,A,,,1140,145
8078,2022,唱和,為Y作祭文,A,宋人傳記資料索引(電子版),17096,0,145
8078,3595,唱和,書、畫由Y作跋,P,,,,150
8078,7197,唱和,書、畫由Y作跋,P,,,,150
8078,10706,唱和,書、畫由Y作跋,P,,,,150
8078,10749,唱和,諡議由Y所作,P,,,1140,187
8078,10749,唱和,諡議由Y所作,P,宋人傳記資料索引(電子版),4926,0,187
8078,8008,唱和,致書Y,A,全宋文,171.223,,429
8078,2022,唱和,被致書由Y,P,全宋文,124.228-229,,430
8078,3257,唱和,建築物得到Y的題詠、記、命名,P,,,,444
8078,3257,唱和,祠記由Y所作,P,宋人傳記資料索引(電子版),4926,0,561
8116,630,同僚,被Y推薦,P,宋人傳記資料索引(電子版),23557,,14
8116,7197,唱和,書序由Y所作,P,宋人傳記資料索引(電子版),23557,0,33
8116,3888,唱和,墓誌銘由Y所作,P,,,1094,43
8116,3640,唱和,書跋由Y所作,P,宋人傳記資料索引(電子版),23557,0,45
8116,217,唱和,為Y作祭文,A,,,1094,145
8116,217,唱和,為Y作祭文,A,宋人傳記資料索引(電子版),12940,0,145
8116,8043,唱和,為Y作祭文,A,宋人傳記資料索引(電子版),9075,0,145
8116,3888,唱和,祭文由Y所作,P,,,1094,146
8116,3888,唱和,祭文由Y所作,P,宋人傳記資料索引(電子版),23557,0,146
8116,3257,唱和,世系碑記由Y所作,P,宋人傳記資料索引(電子版),23557,,152
8116,3888,唱和,行狀由Y所作,P,宋人傳記資料索引(電子版),23557,0,425
8116,217,唱和,致書Y,A,全宋文,61.318,,429
8116,1384,唱和,被致書由Y,P,全宋文,33.220,,430
8116,3767,唱和,被致書由Y,P,全宋文,89.390-90,,430
10084,17690,好友,友,M,人名權威資料（中央研究院歷史語言研究所）,18564,,9
10084,28022,師生,學生為Y,P,人名權威資料（中央研究院歷史語言研究所）,18042,,23
10084,1762,唱和,為Y所著書作序,A,宋人傳記資料索引(電子版),1536,0,32
10084,3632,唱和,為Y所著書作序,A,宋人傳記資料索引(電子版),14772,0,32
10084,28426,唱和,為Y所著書作序,A,,,1300,32
10084,10801,唱和,書序由Y所作,P,,,1300,33
10084,10801,唱和,墓誌銘由Y所作,P,,,1300,43
10084,27954,唱和,墓誌銘由Y所作,P,,,1300,43
10084,630,唱和,為Y所著書作跋,A,宋人傳記資料索引(電子版),22685,0,46
10084,1384,唱和,為Y所著書作跋,A,宋人傳記資料索引(電子版),20692,0,46
10084,1488,唱和,為Y所著書作跋,A,宋人傳記資料索引(電子版),2420,0,46
10084,3257,唱和,為Y所著書作跋,A,宋人傳記資料索引(電子版),3237,0,46
10084,3632,唱和,為Y所著書作跋,A,宋人傳記資料索引(電子版),14772,0,46
10084,3767,唱和,為Y所著書作跋,A,宋人傳記資料索引(電子版),23552,0,46
10084,4001,唱和,為Y所著書作跋,A,宋人傳記資料索引(電子版),23176,0,46
10084,8043,唱和,為Y所著書作跋,A,宋人傳記資料索引(電子版),9075,0,46
10084,10566,唱和,為Y所著書作跋,A,宋人傳記資料索引(電子版),17499,0,46
10084,19123,唱和,為Y所著書作跋,A,宋人傳記資料索引(電子版),216,0,46
10084,28426,唱和,為Y所著書作跋,A,,,1300,46
10084,10801,師生,從遊者為Y,P,,,1300,50
10084,28426,唱和,稱道Y的詩作,A,全元文,31.538,,71
10084,10097,唱和,傳記作者為Y,P,元人傳記資料索引,2323,,132
10084,10801,唱和,祭文由Y所作,P,元人傳記資料索引,2323,1300,146
10084,28015,唱和,祭文由Y所作,P,元人傳記資料索引,2323,1300,146
10084,10801,唱和,祝詞由Y所作,P,,,0,148
10084,17690,唱和,為Y之書、畫作跋,A,元人傳記資料索引,11347,,149
10084,10801,唱和,書、畫由Y作跋,P,元人傳記資料索引,2323,,150
10084,27957,唱和,書、畫由Y作跋,P,元人傳記資料索引,2323,,150
10084,17690,唱和,為Y作臨別贈言(送別詩、序),A,元人傳記資料索引,11347,,162
10084,17690,唱和,臨別得到Y所作贈言(送別詩、序),P,元人傳記資料索引,2323,1300,163
10084,28015,唱和,臨別得到Y所作贈言(送別詩、序),P,元人傳記資料索引,2323,1300,163
10084,28022,唱和,年譜由Y所作,P,元人傳記資料索引,2323,1300,237
10084,27853,唱和,向Y致賀,A,元人傳記資料索引,9374,,390
10084,27853,唱和,從Y處收到賀詞 (occasion),P,元人傳記資料索引,2323,,391
10084,27954,唱和,神道碑由Y所作,P,元人傳記資料索引,2323,,405
10084,10801,唱和,行狀由Y所作,P,元人傳記資料索引,2323,,425
10084,10097,唱和,畫贊(畫像記)由Y所作,P,元人傳記資料索引,2323,,427
10084,10801,唱和,畫贊(畫像記)由Y所作,P,元人傳記資料索引,2323,,427
10084,10801,唱和,被致書由Y,P,元人傳記資料索引,2323,,430
10084,10801,唱和,收到Y的答書,P,元人傳記資料索引,2323,,432
10084,28015,唱和,收到Y的答書,P,元人傳記資料索引,2323,,432
10084,30192,唱和,收到Y的答書,P,元人傳記資料索引,2323,,432
10084,10801,唱和,收到Y的啓,P,元人傳記資料索引,2323,,434
10084,27853,唱和,為Y之建築物題詠、記、命名,A,元人傳記資料索引,9374,,443
10084,27853,唱和,建築物得到Y的題詠、記、命名,P,元人傳記資料索引,2323,,444
10084,10801,唱和,為Y之詩文作跋,A,元人傳記資料索引,10550,,469
10084,27853,唱和,為Y之詩文作跋,A,元人傳記資料索引,9374,,469
10084,28426,唱和,為Y之詩文作跋,A,元人傳記資料索引,5049,,469
10084,28015,唱和,詩文跋由Y所作,P,元人傳記資料索引,2323,,470
10084,30192,唱和,詩文跋由Y所作,P,元人傳記資料索引,2323,,470
10084,28426,唱和,詩文序由Y所作,P,元人傳記資料索引,5049,,480
10097,28143,師生,為Y之門人,A,,,1369,19
10097,10740,師生,為Y之學生,A,人名權威資料（中央研究院歷史語言研究所）,9801,,22
10097,28143,師生,為Y之學生,A,人名權威資料（中央研究院歷史語言研究所）,9801,,22
10097,10740,唱和,為Y所著書作序,A,元人傳記資料索引,9650,,32
10097,28143,唱和,為Y所著書作序,A,元人傳記資料索引,4847,,32
10097,28306,唱和,為Y所著書作序,A,元人傳記資料索引,13595,,32
10097,10726,唱和,書序由Y所作,P,元人傳記資料索引,2654,,33
10097,28614,唱和,書序由Y所作,P,元人傳記資料索引,2654,,33
10097,10726,唱和,為Y作墓誌銘,A,元人傳記資料索引,773,,44
10097,10740,唱和,為Y作墓誌銘,A,,,1369,44
10097,10815,唱和,為Y作墓誌銘,A,元人傳記資料索引,12306,,44
10097,12087,唱和,為Y作墓誌銘,A,宋濂全集,679,1370,44
10097,12087,唱和,為Y作墓誌銘,A,元人傳記資料索引,10217,1369,44
10097,12087,唱和,為Y作墓誌銘,A,明人傳記資料索引,7428,0,44
10097,27957,唱和,為Y作墓誌銘,A,,,1369,44
10097,28022,唱和,為Y作墓誌銘,A,,,1369,44
10097,28143,唱和,為Y作墓誌銘,A,元人傳記資料索引,4847,1369,44
10097,10815,唱和,為Y所著書作跋,A,,,1369,46
10097,28143,唱和,為Y所著書作跋,A,,,1369,46
10097,10726,唱和,相唱和,M,元人傳記資料索引,773,,114
10097,10726,唱和,傳記作者為Y,P,明人傳記資料索引,1929,0,132
10097,10726,唱和,傳記作者為Y,P,元人傳記資料索引,2654,,132
10097,10084,唱和,為Y作傳,A,元人傳記資料索引,2323,,133
10097,27853,唱和,為Y作傳,A,元人傳記資料索引,9374,,133
10097,28143,唱和,為Y作傳,A,元人傳記資料索引,4847,,133
10097,17690,唱和,為Y之書、畫作跋,A,元人傳記資料索引,11347,,149
10097,30192,唱和,書、畫由Y作跋,P,元人傳記資料索引,2654,,150
10097,10815,唱和,世系碑記由Y所作,P,元人傳記資料索引,2654,,152
10097,28426,唱和,世系碑記由Y所作,P,元人傳記資料索引,2654,,152
10097,10726,唱和,為Y作臨別贈言(送別詩、序),A,元人傳記資料索引,773,1369,162
10097,27853,唱和,為Y作臨別贈言(送別詩、序),A,,,1369,162
10097,28143,唱和,為Y作諡議,A,元人傳記資料索引,4847,,188
10097,10740,交往,受經於Y,P,宋濂全集,750,,217
10097,28143,交往,受經於Y,P,宋濂全集,750,,217
10097,28022,唱和,為Y作墓表,A,明人傳記資料索引,1675,0,410
10097,28022,唱和,為Y作墓表,A,元人傳記資料索引,1755,,410
10097,12087,唱和,為Y墓誌銘作序,A,宋濂全集,679,1370,414
10097,10740,唱和,為Y作行狀,A,元人傳記資料索引,9650,,426
10097,28143,唱和,為Y作行狀,A,元人傳記資料索引,4847,,426
10097,10726,唱和,畫贊(畫像記)由Y所作,P,元人傳記資料索引,2654,,427
10097,10084,唱和,為Y作畫贊(畫像記),A,元人傳記資料索引,2323,,428
10097,10801,唱和,為Y作畫贊(畫像記),A,元人傳記資料索引,10550,,428
10097,17690,唱和,為Y作畫贊(畫像記),A,元人傳記資料索引,11347,,428
10097,28022,唱和,為Y作畫贊(畫像記),A,元人傳記資料索引,1755,,428
10097,28143,唱和,為Y作畫贊(畫像記),A,元人傳記資料索引,4847,,428
10097,10726,唱和,為Y之建築物題詠、記、命名,A,元人傳記資料索引,773,,443
10097,28022,唱和,為Y之詩文作跋,A,元人傳記資料索引,1755,,469
10097,28143,唱和,為Y之詩文作跋,A,元人傳記資料索引,4847,,469
10097,28306,唱和,為Y之詩文作跋,A,元人傳記資料索引,13595,,469
10097,10726,唱和,詩文跋由Y所作,P,元人傳記資料索引,2654,,470
10097,34717,唱和,詩文序由Y所作,P,明人傳記資料索引,1929,0,480
10097,10740,唱和,為Y作祠記,A,元人傳記資料索引,9650,,560
10258,3595,師生,學生為Y,P,人名權威資料（中央研究院歷史語言研究所）,18567,,23
10258,3624,唱和,為Y所著書作序,A,,,1235,32
10258,3624,唱和,為Y所著書作序,A,宋人傳記資料索引(電子版),20590,0,32
10258,3595,交往,其志業由Y傳承,P,,,1235,40
10258,3595,唱和,墓誌銘由Y所作,P,,,1235,43
10258,4001,唱和,墓誌銘由Y所作,P,,,1235,43
10258,3595,唱和,書跋由Y所作,P,,,,45
10258,3595,唱和,書跋由Y所作,P,宋人傳記資料索引(電子版),9994,0,45
10258,10801,唱和,書跋由Y所作,P,宋人傳記資料索引(電子版),9994,0,45
10258,11800,唱和,書跋由Y所作,P,宋人傳記資料索引(電子版),9994,0,45
10258,3257,唱和,為Y所著書作跋,A,宋人傳記資料索引(電子版),3237,0,46
10258,7055,唱和,為Y所著書作跋,A,宋人傳記資料索引(電子版),6664,0,46
10258,7164,唱和,為Y所著書作跋,A,宋人傳記資料索引(電子版),12490,0,46
10258,10289,唱和,為Y所著書作跋,A,,,,46
10258,10289,唱和,為Y所著書作跋,A,宋人傳記資料索引(電子版),10216,0,46
10258,10598,唱和,為Y所著書作跋,A,宋人傳記資料索引(電子版),1347,0,46
10258,3595,唱和,傳記作者為Y,P,,,,132
10258,3595,唱和,祭文由Y所作,P,,,1235,146
10258,3595,唱和,祭文由Y所作,P,宋人傳記資料索引(電子版),9994,0,146
10258,3257,唱和,為Y作祝詞,A,宋人傳記資料索引(電子版),3237,0,147
10258,10598,唱和,為Y作祝詞,A,宋人傳記資料索引(電子版),1347,0,147
10258,11134,唱和,為Y作祝詞,A,宋人傳記資料索引(電子版),15806,0,147
10258,7055,唱和,為Y之書、畫作跋,A,,,,149
10258,3595,唱和,書、畫由Y作跋,P,,,,150
10258,11800,唱和,書、畫由Y作跋,P,,,,150
10258,7055,唱和,為Y作世系碑記,A,,,,151
10258,12087,唱和,世系碑記由Y所作,P,,,,152
10258,3624,唱和,廟碑記由Y所作,P,宋人傳記資料索引(電子版),9994,0,161
10258,10289,唱和,臨別得到Y所作贈言(送別詩、序),P,宋人傳記資料索引(電子版),9994,0,163
10258,10289,唱和,臨別得到Y所作贈言(送別詩、序),P,,,,163
10258,3257,交往,宗Y之學,A,,,,208
10258,4001,唱和,神道碑由Y所作,P,,,,405
10258,4001,唱和,神道碑由Y所作,P,宋人傳記資料索引(電子版),9994,0,405
10258,3595,唱和,行狀由Y所作,P,,,,425
10258,3595,唱和,行狀由Y所作,P,宋人傳記資料索引(電子版),9994,0,425
10258,10289,唱和,為Y作行狀,A,,,1212,426
10258,10289,唱和,為Y作行狀,A,宋人傳記資料索引(電子版),10216,,426
10258,10801,唱和,畫贊(畫像記)由Y所作,P,,,,427
10258,11800,唱和,畫贊(畫像記)由Y所作,P,宋人傳記資料索引(電子版),9994,0,427
10258,11800,唱和,畫贊(畫像記)由Y所作,P,,,,427
10258,4001,唱和,被致書由Y,P,全宋文,309.411,,430
10258,11134,唱和,被致書由Y,P,全宋文,288.180,,430
10258,4001,唱和,收到Y的答書,P,全宋文,309.386,,432
10258,3624,唱和,收到Y的答啓,P,,,,436
10258,3257,唱和,為Y之建築物題詠、記、命名,A,宋人傳記資料索引(電子版),3237,0,443
10258,3595,唱和,建築物得到Y的題詠、記、命名,P,,,,444
10258,3624,唱和,建築物得到Y的題詠、記、命名,P,,,,444
10258,4001,唱和,建築物得到Y的題詠、記、命名,P,宋人傳記資料索引(電子版),9994,0,444
10258,4001,唱和,建築物得到Y的題詠、記、命名,P,,,,444
10258,10801,唱和,建築物得到Y的題詠、記、命名,P,,,,444
10258,11800,唱和,建築物得到Y的題詠、記、命名,P,宋人傳記資料索引(電子版),9994,0,444
10258,10801,唱和,學記（書院記）由Y所作,P,宋人傳記資料索引(電子版),9994,0,458
10258,3257,唱和,為Y作祠記,A,宋人傳記資料索引(電子版),3237,0,560
10258,3595,唱和,為Y作祠記,A,宋人傳記資料索引(電子版),21658,0,560
10258,7055,唱和,為Y作祠記,A,宋人傳記資料索引(電子版),6664,0,560
10258,10598,唱和,為Y作祠記,A,宋人傳記資料索引(電子版),1347,0,560
10289,7055,師生,為Y之門人,A,,,1212,19
10289,3632,唱和,為Y所著書作序,A,,,1212,32
10289,3632,唱和,為Y所著書作序,A,宋人傳記資料索引(電子版),14772,,32
10289,3624,唱和,為Y作墓誌銘,A,,,1212,44
10289,10258,唱和,書跋由Y所作,P,,,,45
10289,10258,唱和,書跋由Y所作,P,宋人傳記資料索引(電子版),10216,0,45
10289,10389,唱和,書跋由Y所作,P,宋人傳記資料索引(電子版),10216,0,45
10289,3257,唱和,為Y所著書作跋,A,宋人傳記資料索引(電子版),3237,0,46
10289,3767,唱和,為Y所著書作跋,A,宋人傳記資料索引(電子版),23552,0,46
10289,7111,唱和,為Y所著書作跋,A,宋人傳記資料索引(電子版),16026,0,46
10289,8043,唱和,為Y所著書作跋,A,宋人傳記資料索引(電子版),9075,0,46
10289,8078,唱和,為Y所著書作跋,A,宋人傳記資料索引(電子版),4926,0,46
10289,8078,唱和,為Y所著書作跋,A,,,,46
10289,3624,唱和,為Y作祭文,A,,,1212,145
10289,3624,唱和,為Y作祭文,A,宋人傳記資料索引(電子版),20590,0,145
10289,3632,唱和,為Y作祭文,A,宋人傳記資料索引(電子版),14772,0,145
10289,7055,唱和,為Y作祭文,A,,,,145
10289,8043,唱和,為Y之書、畫作跋,A,,,,149
10289,10258,唱和,為Y作臨別贈言(送別詩、序),A,宋人傳記資料索引(電子版),9994,0,162
10289,10258,唱和,為Y作臨別贈言(送別詩、序),A,,,,162
10289,11800,唱和,挽詩、詞由Y所作,P,,,,423
10289,11800,唱和,挽詩、詞由Y所作,P,宋人傳記資料索引(電子版),10216,0,423
10289,10258,唱和,行狀由Y所作,P,,,1212,425
10289,10258,唱和,行狀由Y所作,P,宋人傳記資料索引(電子版),10216,,425
10289,3624,唱和,為Y作行狀,A,宋人傳記資料索引(電子版),20590,0,426
10289,10389,唱和,建築物得到Y的題詠、記、命名,P,,,,444
10289,3767,唱和,為Y作祠記,A,宋人傳記資料索引(電子版),23552,0,560
10389,17690,好友,友,M,人名權威資料（中央研究院歷史語言研究所）,18564,,9
10389,3257,唱和,為Y所著書作序,A,宋人傳記資料索引(電子版),3237,0,32
10389,28306,唱和,書序由Y所作,P,元人傳記資料索引,6133,,33
10389,10792,唱和,墓誌銘由Y所作,P,元人傳記資料索引,6133,,43
10389,10801,唱和,墓誌銘由Y所作,P,元人傳記資料索引,6133,,43
10389,28306,唱和,為Y作墓誌銘,A,元人傳記資料索引,13595,1327,44
10389,1762,唱和,為Y所著書作跋,A,宋人傳記資料索引(電子版),1536,0,46
10389,3257,唱和,為Y所著書作跋,A,宋人傳記資料索引(電子版),3237,0,46
10389,3767,唱和,為Y所著書作跋,A,宋人傳記資料索引(電子版),23552,0,46
10389,10289,唱和,為Y所著書作跋,A,宋人傳記資料索引(電子版),10216,0,46
10389,28306,唱和,字說、名述由Y所作,P,元人傳記資料索引,6133,,89
10389,27853,唱和,為Y作傳,A,元人傳記資料索引,9374,,133
10389,28306,唱和,為Y作傳,A,元人傳記資料索引,13595,,133
10389,17690,唱和,為Y作祭文,A,元人傳記資料索引,11347,,145
10389,28306,唱和,為Y作祭文,A,元人傳記資料索引,13595,,145
10389,10801,唱和,祭文由Y所作,P,元人傳記資料索引,6133,,146
10389,28143,唱和,祭文由Y所作,P,元人傳記資料索引,6133,,146
10389,17690,唱和,為Y之書、畫作跋,A,元人傳記資料索引,11347,,149
10389,10801,唱和,為Y作臨別贈言(送別詩、序),A,元人傳記資料索引,10550,,162
10389,10801,唱和,臨別得到Y所作贈言(送別詩、序),P,元人傳記資料索引,6133,,163
10389,28306,唱和,臨別得到Y所作贈言(送別詩、序),P,元人傳記資料索引,6133,,163
10389,10801,唱和,為Y作佛寺記,A,元人傳記資料索引,10550,,239
10389,28426,唱和,挽詩、詞由Y所作,P,元人傳記資料索引,6133,,423
10389,28460,唱和,畫贊(畫像記)由Y所作,P,元人傳記資料索引,6133,,427
10389,17690,唱和,為Y作畫贊(畫像記),A,元人傳記資料索引,11347,,428
10389,27957,唱和,被致書由Y,P,元人傳記資料索引,6133,,430
10389,27853,唱和,贈詩、文,A,元人傳記資料索引,9374,,437
10389,10289,唱和,為Y之建築物題詠、記、命名,A,,,,443
10389,17690,唱和,為Y之詩文作跋,A,元人傳記資料索引,11347,,469
10389,27954,唱和,為Y之詩文作跋,A,元人傳記資料索引,9063,,469
10389,17690,唱和,詩文跋由Y所作,P,元人傳記資料索引,6133,,470
10389,28143,好友,與Y旅遊,M,元人傳記資料索引,6133,,555
10565,3257,同僚,被Y欣賞/器重,P,,,1158,17
10565,10566,師生,學生為Y,P,人名權威資料（中央研究院歷史語言研究所）,18504,,23
10565,8008,政敵,遭Y排擠,P,,,0,30
10565,10566,唱和,書序由Y所作,P,,,1158,33
10565,10566,唱和,書序由Y所作,P,宋人傳記資料索引(電子版),8670,,33
10565,10566,唱和,墓誌銘由Y所作,P,,,1158,43
10565,3257,唱和,書跋由Y所作,P,宋人傳記資料索引(電子版),8670,0,45
10565,3624,唱和,書跋由Y所作,P,宋人傳記資料索引(電子版),8670,0,45
10565,7197,唱和,書跋由Y所作,P,宋人傳記資料索引(電子版),8670,0,45
10565,10566,唱和,書跋由Y所作,P,宋人傳記資料索引(電子版),8670,0,45
10565,19123,唱和,書跋由Y所作,P,宋人傳記資料索引(電子版),8670,0,45
10565,1762,唱和,為Y所著書作跋,A,宋人傳記資料索引(電子版),1536,0,46
10565,8008,政敵,建議處決Y,A,,,1158,128
10565,8008,同僚,為Y之門客,A,,,1158,130
10565,8008,政敵,反對/不支持Y的政策,A,宋人傳記資料索引(電子版),8670,,136
10565,3257,唱和,書、畫由Y作跋,P,,,,150
10565,3624,唱和,書、畫由Y作跋,P,,,,150
10565,7197,唱和,書、畫由Y作跋,P,,,,150
10565,10566,唱和,書、畫由Y作跋,P,,,,150
10565,19123,唱和,書、畫由Y作跋,P,,,,150
10565,7197,唱和,神道碑由Y所作,P,宋人傳記資料索引(電子版),8670,,405
10565,7197,唱和,神道碑由Y所作,P,,,,405
10565,10566,唱和,行狀由Y所作,P,,,,425
10565,7197,唱和,畫贊(畫像記)由Y所作,P,宋人傳記資料索引(電子版),8670,0,427
10565,7197,唱和,畫贊(畫像記)由Y所作,P,,,,427
10565,7164,唱和,致書Y,A,全宋文,195.198-199,,429
10565,10566,唱和,被致書由Y,P,全宋文,237.310,,430
10565,10566,唱和,為Y之建築物題詠、記、命名,A,宋人傳記資料索引(電子版),17499,0,443
10565,7197,唱和,建築物得到Y的題詠、記、命名,P,宋人傳記資料索引(電子版),8670,0,444
10565,7197,唱和,建築物得到Y的題詠、記、命名,P,,,,444
10566,3257,同僚,推薦,A,,,1184,13
10566,10565,師生,為Y之學生,A,人名權威資料（中央研究院歷史語言研究所）,18504,,22
10566,7164,唱和,為Y所著書作序,A,宋人傳記資料索引(電子版),12490,0,32
10566,10565,唱和,為Y所著書作序,A,,,1184,32
10566,10565,唱和,為Y所著書作序,A,宋人傳記資料索引(電子版),8670,,32
10566,10565,唱和,為Y作墓誌銘,A,,,1184,44
10566,7197,唱和,書跋由Y所作,P,宋人傳記資料索引(電子版),17499,0,45
10566,10084,唱和,書跋由Y所作,P,宋人傳記資料索引(電子版),17499,0,45
10566,19123,唱和,書跋由Y所作,P,宋人傳記資料索引(電子版),17499,0,45
10566,1762,唱和,為Y所著書作跋,A,宋人傳記資料索引(電子版),1536,0,46
10566,7111,唱和,為Y所著書作跋,A,宋人傳記資料索引(電子版),16026,0,46
10566,7164,唱和,為Y所著書作跋,A,宋人傳記資料索引(電子版),12490,0,46
10566,10565,唱和,為Y所著書作跋,A,宋人傳記資料索引(電子版),8670,0,46
10566,8043,交往,稱道Y之節行,P,,,,69
10566,7164,唱和,為Y作傳,A,,,1184,133
10566,7164,唱和,為Y作傳,A,宋人傳記資料索引(電子版),12490,0,133
10566,3257,唱和,為Y作祭文,A,宋人傳記資料索引(電子版),3237,0,145
10566,7055,唱和,為Y作祭文,A,,,,145
10566,7164,唱和,為Y作祭文,A,,,1184,145
10566,7164,唱和,為Y作祭文,A,宋人傳記資料索引(電子版),12490,0,145
10566,7197,唱和,為Y作祭文,A,,,,145
10566,7197,唱和,為Y作祭文,A,宋人傳記資料索引(電子版),8125,0,145
10566,10565,唱和,為Y之書、畫作跋,A,,,,149
10566,10565,唱和,為Y作行狀,A,,,,426
10566,7164,唱和,為Y作畫贊(畫像記),A,宋人傳記資料索引(電子版),12490,0,428
10566,3257,唱和,致書Y,A,全宋文,238.43,,429
10566,3640,唱和,致書Y,A,全宋文,237.362,,429
10566,7164,唱和,致書Y,A,全宋文,237.311,,429
10566,7197,唱和,致書Y,A,全宋文,238.111-170,,429
10566,10565,唱和,致書Y,A,全宋文,237.310,,429
10566,3640,唱和,答Y書,A,全宋文,237.356,,431
10566,7197,唱和,答Y書,A,全宋文,238.108-67,,431
10566,3624,唱和,收到Y的答啓,P,,,,436
10566,1384,唱和,為Y之建築物題詠、記、命名,A,宋人傳記資料索引(電子版),20692,0,443
10566,7164,唱和,為Y之建築物題詠、記、命名,A,宋人傳記資料索引(電子版),12490,0,443
10566,8043,唱和,為Y之建築物題詠、記、命名,A,宋人傳記資料索引(電子版),9075,0,443
10566,7197,唱和,建築物得到Y的題詠、記、命名,P,宋人傳記資料索引(電子版),17499,0,444
10566,10565,唱和,建築物得到Y的題詠、記、命名,P,宋人傳記資料索引(電子版),17499,0,444
10566,19123,唱和,建築物得到Y的題詠、記、命名,P,宋人傳記資料索引(電子版),17499,0,444
10566,1384,唱和,為Y作祠記,A,宋人傳記資料索引(電子版),20692,0,560
10566,7111,唱和,為Y作祠記,A,宋人傳記資料索引(電子版),16026,0,560
10566,7164,唱和,為Y作祠記,A,宋人傳記資料索引(電子版),12490,0,560
10585,10749,同僚,被Y推薦,P,宋人傳記資料索引(電子版),17800,,14
10585,3624,唱和,書序由Y所作,P,宋人傳記資料索引(電子版),14583,0,33
10585,3624,唱和,墓誌銘由Y所作,P,,,1196,43
10585,10749,唱和,墓誌銘由Y所作,P,宋人傳記資料索引(電子版),14583,,43
10585,3624,唱和,書跋由Y所作,P,宋人傳記資料索引(電子版),14583,0,45
10585,4001,唱和,書跋由Y所作,P,宋人傳記資料索引(電子版),14583,0,45
10585,10749,唱和,書跋由Y所作,P,宋人傳記資料索引(電子版),14583,0,45
10585,27727,唱和,書跋由Y所作,P,宋人傳記資料索引(電子版),14583,0,45
10585,7111,唱和,為Y所著書作跋,A,宋人傳記資料索引(電子版),16026,0,46
10585,7164,唱和,為Y所著書作跋,A,宋人傳記資料索引(電子版),12490,0,46
10585,7055,唱和,為Y作祭文,A,宋人傳記資料索引(電子版),6664,0,145
10585,7164,唱和,為Y作祭文,A,,,1196,145
10585,7164,唱和,為Y作祭文,A,宋人傳記資料索引(電子版),12490,0,145
10585,10598,唱和,為Y作祭文,A,,,1196,145
10585,10598,唱和,為Y作祭文,A,宋人傳記資料索引(電子版),1347,0,145
10585,10749,唱和,祭文由Y所作,P,,,1196,146
10585,10749,唱和,祭文由Y所作,P,宋人傳記資料索引(電子版),14583,0,146
10585,3624,唱和,神道碑由Y所作,P,宋人傳記資料索引(電子版),14583,,405
10585,3075,唱和,被致書由Y,P,全宋文,279.218-219,,430
10585,3632,唱和,被致書由Y,P,全宋文,271.355,,430
10585,7055,唱和,被致書由Y,P,全宋文,261.146,,430
10585,3075,唱和,答Y書,A,全宋文,267.351-353,,431
10585,27727,唱和,著作被Y評論,P,宋人傳記資料索引(電子版),14583,0,530
10598,7164,同僚,推薦,A,,,1171,13
10598,7164,同僚,推薦,A,宋人傳記資料索引(電子版),12490,0,13
10598,3257,唱和,書跋由Y所作,P,宋人傳記資料索引(電子版),1347,0,45
10598,7197,唱和,書跋由Y所作,P,宋人傳記資料索引(電子版),1347,0,45
10598,10258,唱和,書跋由Y所作,P,宋人傳記資料索引(電子版),1347,0,45
10598,3624,唱和,祭文由Y所作,P,,,1171,146
10598,3624,唱和,祭文由Y所作,P,宋人傳記資料索引(電子版),1347,0,146
10598,7164,唱和,祭文由Y所作,P,宋人傳記資料索引(電子版),1347,0,146
10598,10585,唱和,祭文由Y所作,P,,,1171,146
10598,10585,唱和,祭文由Y所作,P,宋人傳記資料索引(電子版),1347,0,146
10598,10258,唱和,祝詞由Y所作,P,宋人傳記資料索引(電子版),1347,0,148
10598,8043,唱和,為Y作世系碑記,A,,,,151
10598,630,唱和,為Y作畫贊(畫像記),A,宋人傳記資料索引(電子版),22685,0,428
10598,1384,唱和,為Y作畫贊(畫像記),A,宋人傳記資料索引(電子版),20692,0,428
10598,1488,唱和,為Y作畫贊(畫像記),A,宋人傳記資料索引(電子版),2420,0,428
10598,3767,唱和,為Y作畫贊(畫像記),A,宋人傳記資料索引(電子版),23552,0,428
10598,8043,唱和,為Y作畫贊(畫像記),A,,,,428
10598,3257,唱和,被致書由Y,P,全宋文,245.342,,430
10598,3624,唱和,收到Y的啓,P,,,,434
10598,8043,唱和,為Y作祠記,A,宋人傳記資料索引(電子版),9075,0,560
10598,10258,唱和,祠記由Y所作,P,宋人傳記資料索引(電子版),1347,0,561
10598,10749,唱和,祠記由Y所作,P,宋人傳記資料索引(電子版),1347,0,561
10706,7055,唱和,為Y所著書作序,A,宋人傳記資料索引(電子版),6664,0,32
10706,27957,唱和,書跋由Y所作,P,宋人傳記資料索引(電子版),778,0,45
10706,1384,唱和,為Y所著書作跋,A,宋人傳記資料索引(電子版),20692,0,46
10706,1488,唱和,為Y所著書作跋,A,宋人傳記資料索引(電子版),2420,0,46
10706,3257,唱和,為Y所著書作跋,A,宋人傳記資料索引(電子版),3237,0,46
10706,3624,唱和,為Y所著書作跋,A,宋人傳記資料索引(電子版),20590,0,46
10706,3767,唱和,為Y所著書作跋,A,宋人傳記資料索引(電子版),23552,0,46
10706,7055,唱和,為Y所著書作跋,A,,,,46
10706,7055,唱和,為Y所著書作跋,A,宋人傳記資料索引(電子版),6664,0,46
10706,7197,唱和,為Y所著書作跋,A,宋人傳記資料索引(電子版),8125,0,46
10706,7364,唱和,為Y所著書作跋,A,宋人傳記資料索引(電子版),15520,0,46
10706,8078,唱和,為Y所著書作跋,A,宋人傳記資料索引(電子版),4926,0,46
10706,11134,唱和,為Y所著書作跋,A,宋人傳記資料索引(電子版),15806,0,46
10706,3257,交往,傳Y之學,A,,,,126
10706,8078,唱和,為Y之書、畫作跋,A,,,,149
10706,27957,唱和,行狀由Y所作,P,宋人傳記資料索引(電子版),778,0,425
10726,28022,同僚,被Y推薦,P,蒙元統治下士人的頓挫與轉折－以婺州為中心,253,1348,14
10726,10740,師生,為Y之學生,A,,,1373,22
10726,28143,師生,為Y之學生,A,人名權威資料（中央研究院歷史語言研究所）,11413,,22
10726,10097,唱和,為Y所著書作序,A,元人傳記資料索引,2654,,32
10726,28460,唱和,為Y所著書作序,A,,,1373,32
10726,28460,唱和,為Y所著書作序,A,元人傳記資料索引,6190,,32
10726,10097,唱和,墓誌銘由Y所作,P,元人傳記資料索引,773,,43
10726,10740,師生,從遊者為Y,P,,,,50
10726,10097,唱和,為Y作傳,A,明人傳記資料索引,1929,0,133
10726,10097,唱和,為Y作傳,A,元人傳記資料索引,2654,,133
10726,10740,唱和,為Y作祭文,A,元人傳記資料索引,9650,1373,145
10726,17690,唱和,為Y之書、畫作跋,A,元人傳記資料索引,11347,,149
10726,28460,唱和,為Y作臨別贈言(送別詩、序),A,元人傳記資料索引,6190,1373,162
10726,10097,唱和,臨別得到Y所作贈言(送別詩、序),P,元人傳記資料索引,773,1373,163
10726,10097,唱和,為Y作畫贊(畫像記),A,元人傳記資料索引,2654,,428
10726,10801,唱和,為Y作畫贊(畫像記),A,元人傳記資料索引,10550,,428
10726,10792,唱和,為Y之建築物題詠、記、命名,A,元人傳記資料索引,13949,,443
10726,28022,唱和,為Y之建築物題詠、記、命名,A,元人傳記資料索引,1755,,443
10726,28460,唱和,為Y之建築物題詠、記、命名,A,元人傳記資料索引,6190,,443
10726,10097,唱和,建築物得到Y的題詠、記、命名,P,元人傳記資料索引,773,,444
10726,10097,唱和,為Y之詩文作跋,A,元人傳記資料索引,2654,,469
10726,28460,同僚,稱道Y之政績,A,元人傳記資料索引,6190,,540
10726,10740,唱和,為Y作祠記,A,元人傳記資料索引,9650,,560
10740,10097,師生,學生為Y,P,人名權威資料（中央研究院歷史語言研究所）,9801,,23
10740,10726,師生,學生為Y,P,,,1345,23
10740,10801,唱和,為Y所著書作序,A,元人傳記資料索引,10550,,32
10740,27957,唱和,為Y所著書作序,A,,,1345,32
10740,27957,唱和,為Y所著書作序,A,元人傳記資料索引,2454,,32
10740,10097,唱和,書序由Y所作,P,元人傳記資料索引,9650,,33
10740,12087,唱和,墓誌銘由Y所作,P,元人傳記資料索引,9650,1345,43
10740,27954,唱和,為Y作墓誌銘,A,,,1345,44
10740,28022,唱和,為Y作墓誌銘,A,元人傳記資料索引,1755,,44
10740,28143,唱和,為Y作墓誌銘,A,,,1345,44
10740,28426,唱和,為Y作墓誌銘,A,元人傳記資料索引,5049,,44
10740,10792,唱和,書跋由Y所作,P,,,1345,45
10740,27957,唱和,書跋由Y所作,P,,,1345,45
10740,27965,唱和,書跋由Y所作,P,,,1345,45
10740,1384,唱和,為Y所著書作跋,A,宋人傳記資料索引(電子版),20692,0,46
10740,1488,唱和,為Y所著書作跋,A,宋人傳記資料索引(電子版),2420,0,46
10740,3632,唱和,為Y所著書作跋,A,宋人傳記資料索引(電子版),14772,0,46
10740,7055,唱和,為Y所著書作跋,A,宋人傳記資料索引(電子版),6664,0,46
10740,7164,唱和,為Y所著書作跋,A,宋人傳記資料索引(電子版),12490,0,46
10740,7364,唱和,為Y所著書作跋,A,宋人傳記資料索引(電子版),15520,0,46
10740,8043,唱和,為Y所著書作跋,A,宋人傳記資料索引(電子版),9075,0,46
10740,28426,唱和,相唱和,M,元人傳記資料索引,5049,,114
10740,10726,唱和,祭文由Y所作,P,元人傳記資料索引,9650,1345,146
10740,17690,唱和,為Y之書、畫作跋,A,元人傳記資料索引,11347,,149
10740,27727,唱和,為Y之書、畫作跋,A,元人傳記資料索引,311,,149
10740,10792,唱和,為Y作臨別贈言(送別詩、序),A,元人傳記資料索引,13949,,162
10740,12087,唱和,為Y作臨別贈言(送別詩、序),A,元人傳記資料索引,10217,1345,162
10740,10097,交往,傳經於Y,A,宋濂全集,750,,218
10740,28022,唱和,神道碑額篆由Y所作,P,,,1345,241
10740,28426,唱和,向Y致賀,A,元人傳記資料索引,5049,,390
10740,28022,唱和,神道碑由Y所作,P,元人傳記資料索引,9650,,405
10740,27954,唱和,為Y作神道碑,A,元人傳記資料索引,9063,,406
10740,28143,唱和,為Y作墓表,A,元人傳記資料索引,4847,,410
10740,10097,唱和,行狀由Y所作,P,,,1345,425
10740,10097,唱和,行狀由Y所作,P,元人傳記資料索引,9650,,425
10740,27853,唱和,為Y作畫贊(畫像記),A,元人傳記資料索引,9374,,428
10740,27957,唱和,收到Y的贈詩、文,P,元人傳記資料索引,9650,,438
10740,28426,唱和,收到Y的贈詩、文,P,元人傳記資料索引,9650,,438
10740,10792,唱和,為Y之詩文作跋,A,元人傳記資料索引,13949,,469
10740,17690,唱和,為Y之詩文作跋,A,元人傳記資料索引,11347,,469
10740,10792,唱和,詩文跋由Y所作,P,元人傳記資料索引,9650,,470
10740,27957,唱和,詩文跋由Y所作,P,元人傳記資料索引,9650,,470
10740,27965,唱和,詩文跋由Y所作,P,元人傳記資料索引,9650,,470
10740,10792,同僚,稱道Y之政績,A,元人傳記資料索引,13949,,540
10740,3632,唱和,為Y作祠記,A,宋人傳記資料索引(電子版),14772,0,560
10740,10097,唱和,祠記由Y所作,P,元人傳記資料索引,9650,,561
10740,10726,唱和,祠記由Y所作,P,元人傳記資料索引,9650,,561
10749,10585,同僚,推薦,A,宋人傳記資料索引(電子版),17800,,13
10749,3595,師生,學生為Y,P,人名權威資料（中央研究院歷史語言研究所）,18567,,23
10749,3075,唱和,為Y所著書作序,A,,,1209,32
10749,3075,唱和,為Y所著書作序,A,宋人傳記資料索引(電子版),13585,,32
10749,3075,唱和,為Y作墓誌銘,A,,,1209,44
10749,3075,唱和,為Y作墓誌銘,A,宋人傳記資料索引(電子版),13585,,44
10749,3888,唱和,為Y作墓誌銘,A,宋人傳記資料索引(電子版),18066,0,44
10749,10585,唱和,為Y作墓誌銘,A,宋人傳記資料索引(電子版),14583,,44
10749,3075,唱和,為Y所著書作跋,A,宋人傳記資料索引(電子版),13585,0,46
10749,3257,唱和,為Y所著書作跋,A,宋人傳記資料索引(電子版),3237,0,46
10749,3595,唱和,為Y所著書作跋,A,宋人傳記資料索引(電子版),21658,0,46
10749,10585,唱和,為Y所著書作跋,A,宋人傳記資料索引(電子版),14583,0,46
10749,3075,唱和,為Y作祭文,A,,,1209,145
10749,3075,唱和,為Y作祭文,A,宋人傳記資料索引(電子版),13585,0,145
10749,7055,唱和,為Y作祭文,A,宋人傳記資料索引(電子版),6664,0,145
10749,10585,唱和,為Y作祭文,A,,,1209,145
10749,10585,唱和,為Y作祭文,A,宋人傳記資料索引(電子版),14583,0,145
10749,4001,唱和,祭文由Y所作,P,宋人傳記資料索引(電子版),17800,0,146
10749,4001,唱和,哀辭由Y所作,P,,,1209,166
10749,8078,唱和,為Y作諡議,A,,,1209,188
10749,8078,唱和,為Y作諡議,A,宋人傳記資料索引(電子版),4926,0,188
10749,11800,唱和,挽詩、詞由Y所作,P,宋人傳記資料索引(電子版),17800,0,423
10749,4001,唱和,被致書由Y,P,全宋文,309.308,,430
10749,7055,唱和,被致書由Y,P,全宋文,261.227,,430
10749,7197,唱和,被致書由Y,P,全宋文,229.212,,430
10749,3257,唱和,收到Y的答書,P,全宋文,248.171-173,,432
10749,669,唱和,為Y之建築物題詠、記、命名,A,宋人傳記資料索引(電子版),22750,0,443
10749,3257,同僚,為Y乞某事,A,宋人傳記資料索引(電子版),3237,0,551
10749,1488,唱和,為Y作祠記,A,宋人傳記資料索引(電子版),2420,0,560
10749,2022,唱和,為Y作祠記,A,宋人傳記資料索引(電子版),17096,0,560
10749,3257,唱和,為Y作祠記,A,宋人傳記資料索引(電子版),3237,0,560
10749,3888,唱和,為Y作祠記,A,宋人傳記資料索引(電子版),18066,0,560
10749,10598,唱和,為Y作祠記,A,宋人傳記資料索引(電子版),1347,0,560
10792,27998,唱和,為Y所著書作序,A,,,1352,32
10792,27998,唱和,為Y所著書作序,A,元人傳記資料索引,2650,,32
10792,28143,唱和,為Y所著書作序,A,,,1352,32
10792,28143,唱和,為Y所著書作序,A,元人傳記資料索引,4847,,32
10792,10815,唱和,書序由Y所作,P,元人傳記資料索引,13949,,33
10792,28614,唱和,書序由Y所作,P,元人傳記資料索引,13949,,33
10792,10389,唱和,為Y作墓誌銘,A,元人傳記資料索引,6133,,44
10792,27998,唱和,為Y作墓誌銘,A,元人傳記資料索引,2650,1352,44
10792,10740,唱和,為Y所著書作跋,A,,,1352,46
10792,28426,唱和,為Y所著書作跋,A,,,1352,46
10792,10740,唱和,臨別得到Y所作贈言(送別詩、序),P,元人傳記資料索引,13949,,163
10792,10801,唱和,臨別得到Y所作贈言(送別詩、序),P,元人傳記資料索引,13949,,163
10792,27998,唱和,臨別得到Y所作贈言(送別詩、序),P,元人傳記資料索引,13949,,163
10792,28426,唱和,臨別得到Y所作贈言(送別詩、序),P,元人傳記資料索引,13949,,163
10792,28460,唱和,臨別得到Y所作贈言(送別詩、序),P,元人傳記資料索引,13949,,163
10792,28543,唱和,臨別得到Y所作贈言(送別詩、序),P,元人傳記資料索引,13949,,163
10792,28614,唱和,臨別得到Y所作贈言(送別詩、序),P,元人傳記資料索引,13949,,163
10792,28543,唱和,齋、堂銘由Y所作,P,元人傳記資料索引,13949,,297
10792,28614,唱和,畫贊(畫像記)由Y所作,P,元人傳記資料索引,13949,,427
10792,27998,唱和,收到Y的贈詩、文,P,元人傳記資料索引,13949,,438
10792,10726,唱和,建築物得到Y的題詠、記、命名,P,元人傳記資料索引,13949,,444
10792,10801,唱和,建築物得到Y的題詠、記、命名,P,元人傳記資料索引,13949,,444
10792,27957,唱和,建築物得到Y的題詠、記、命名,P,元人傳記資料索引,13949,,444
10792,27998,唱和,建築物得到Y的題詠、記、命名,P,元人傳記資料索引,13949,,444
10792,28426,唱和,建築物得到Y的題詠、記、命名,P,元人傳記資料索引,13949,,444
10792,28614,唱和,建築物得到Y的題詠、記、命名,P,元人傳記資料索引,13949,,444
10792,28426,唱和,為Y之詩文作跋,A,元人傳記資料索引,5049,,469
10792,27998,唱和,詩文跋由Y所作,P,元人傳記資料索引,13949,,470
10792,28543,唱和,詩文跋由Y所作,P,元人傳記資料索引,13949,,470
10792,28614,唱和,詩文跋由Y所作,P,元人傳記資料索引,13949,,470
10792,28614,唱和,為Y所作詩文作序,A,元人傳記資料索引,13949,,479
10792,10740,同僚,政績為Y所稱道,P,元人傳記資料索引,13949,,539
10792,27957,同僚,政績為Y所稱道,P,元人傳記資料索引,13949,,539
10801,10815,好友,友,M,人名權威資料（中央研究院歷史語言研究所）,18583,,9
10801,17690,好友,友,M,人名權威資料（中央研究院歷史語言研究所）,18564,,9
10801,4001,唱和,為Y所著書作序,A,宋人傳記資料索引(電子版),23176,0,32
10801,10084,唱和,為Y所著書作序,A,,,1341,32
10801,10740,唱和,書序由Y所作,P,元人傳記資料索引,10550,,33
10801,10815,唱和,書序由Y所作,P,元人傳記資料索引,10550,,33
10801,33848,唱和,書序由Y所作,P,元人傳記資料索引,10550,,33
10801,10815,唱和,墓誌銘由Y所作,P,,,1341,43
10801,10084,唱和,為Y作墓誌銘,A,,,1341,44
10801,10389,唱和,為Y作墓誌銘,A,元人傳記資料索引,6133,,44
10801,1384,唱和,為Y所著書作跋,A,宋人傳記資料索引(電子版),20692,0,46
10801,1762,唱和,為Y所著書作跋,A,宋人傳記資料索引(電子版),1536,0,46
10801,3257,唱和,為Y所著書作跋,A,宋人傳記資料索引(電子版),3237,0,46
10801,3632,唱和,為Y所著書作跋,A,宋人傳記資料索引(電子版),14772,0,46
10801,3767,唱和,為Y所著書作跋,A,宋人傳記資料索引(電子版),23552,0,46
10801,7111,唱和,為Y所著書作跋,A,宋人傳記資料索引(電子版),16026,0,46
10801,7364,唱和,為Y所著書作跋,A,宋人傳記資料索引(電子版),15520,0,46
10801,10258,唱和,為Y所著書作跋,A,宋人傳記資料索引(電子版),9994,0,46
10801,11134,唱和,為Y所著書作跋,A,宋人傳記資料索引(電子版),15806,0,46
10801,17690,唱和,為Y所著書作跋,A,宋人傳記資料索引(電子版),19370,0,46
10801,28426,唱和,為Y所著書作跋,A,,,1341,46
10801,10084,師生,從Y遊,A,,,1341,49
10801,10084,唱和,為Y作祭文,A,元人傳記資料索引,2323,0,145
10801,10389,唱和,為Y作祭文,A,元人傳記資料索引,6133,,145
10801,10084,唱和,為Y作祝詞,A,,,1341,147
10801,10084,唱和,為Y之書、畫作跋,A,元人傳記資料索引,2323,,149
10801,17690,唱和,為Y之書、畫作跋,A,元人傳記資料索引,11347,,149
10801,10792,唱和,為Y作臨別贈言(送別詩、序),A,元人傳記資料索引,13949,,162
10801,10815,唱和,為Y作臨別贈言(送別詩、序),A,元人傳記資料索引,12306,1341,162
10801,28022,唱和,為Y作臨別贈言(送別詩、序),A,元人傳記資料索引,1755,,162
10801,10389,唱和,佛寺記由Y所作,P,元人傳記資料索引,10550,,240
10801,10815,唱和,向Y致賀,A,元人傳記資料索引,12306,1341,390
10801,28426,唱和,從Y處收到賀詞 (occasion),P,元人傳記資料索引,10550,,391
10801,28614,唱和,從Y處收到賀詞 (occasion),P,元人傳記資料索引,10550,,391
10801,10815,唱和,神道碑由Y所作,P,元人傳記資料索引,10550,,405
10801,10084,唱和,為Y作行狀,A,元人傳記資料索引,2323,,426
10801,10097,唱和,畫贊(畫像記)由Y所作,P,元人傳記資料索引,10550,,427
10801,10726,唱和,畫贊(畫像記)由Y所作,P,元人傳記資料索引,10550,,427
10801,27965,唱和,畫贊(畫像記)由Y所作,P,元人傳記資料索引,10550,,427
10801,10084,唱和,為Y作畫贊(畫像記),A,元人傳記資料索引,2323,,428
10801,10258,唱和,為Y作畫贊(畫像記),A,,,,428
10801,17690,唱和,為Y作畫贊(畫像記),A,元人傳記資料索引,11347,,428
10801,10084,唱和,致書Y,A,元人傳記資料索引,2323,,429
10801,28015,唱和,被致書由Y,P,元人傳記資料索引,10550,,430
10801,10084,唱和,答Y書,A,元人傳記資料索引,2323,,431
10801,10815,唱和,答Y書,A,元人傳記資料索引,12306,,431
10801,10084,唱和,致Y啓,A,元人傳記資料索引,2323,,433
10801,28614,唱和,贈詩、文,A,元人傳記資料索引,8363,,437
10801,28426,唱和,收到Y的贈詩、文,P,元人傳記資料索引,10550,,438
10801,10258,唱和,為Y之建築物題詠、記、命名,A,,,,443
10801,10792,唱和,為Y之建築物題詠、記、命名,A,元人傳記資料索引,13949,,443
10801,3257,唱和,為Y作學記（書院記）,A,宋人傳記資料索引(電子版),3237,0,459
10801,4001,唱和,為Y作學記（書院記）,A,宋人傳記資料索引(電子版),23176,0,459
10801,7164,唱和,為Y作學記（書院記）,A,宋人傳記資料索引(電子版),12490,0,459
10801,10258,唱和,為Y作學記（書院記）,A,宋人傳記資料索引(電子版),9994,0,459
10801,17690,唱和,為Y之詩文作跋,A,元人傳記資料索引,11347,,469
10801,27853,唱和,為Y之詩文作跋,A,元人傳記資料索引,9374,,469
10801,28426,唱和,為Y之詩文作跋,A,元人傳記資料索引,5049,,469
10801,10084,唱和,詩文跋由Y所作,P,元人傳記資料索引,10550,,470
10801,28614,唱和,詩文跋由Y所作,P,元人傳記資料索引,10550,,470
10801,1762,唱和,為Y作祠記,A,宋人傳記資料索引(電子版),1536,0,560
10801,3257,唱和,為Y作祠記,A,宋人傳記資料索引(電子版),3237,0,560
10801,7364,唱和,為Y作祠記,A,宋人傳記資料索引(電子版),15520,0,560
10815,27954,好友,友,M,人名權威資料（中央研究院歷史語言研究所）,18583,,9
10815,12087,同僚,辟,A,宋濂全集,680,,24
10815,10792,唱和,為Y所著書作序,A,元人傳記資料索引,13949,,32
10815,10801,唱和,為Y所著書作序,A,元人傳記資料索引,10550,,32
10815,27853,唱和,為Y所著書作序,A,元人傳記資料索引,9374,,32
10815,27998,唱和,為Y所著書作序,A,,,1342,32
10815,27998,唱和,為Y所著書作序,A,元人傳記資料索引,2650,,32
10815,27954,唱和,書序由Y所作,P,,,1342,33
10815,27954,唱和,書序由Y所作,P,元人傳記資料索引,12306,,33
10815,10097,唱和,墓誌銘由Y所作,P,元人傳記資料索引,12306,,43
10815,28022,唱和,墓誌銘由Y所作,P,,,1342,43
10815,10801,唱和,為Y作墓誌銘,A,,,1342,44
10815,27954,唱和,為Y作墓誌銘,A,元人傳記資料索引,9063,1342,44
10815,10097,唱和,書跋由Y所作,P,,,1342,45
10815,1384,唱和,為Y所著書作跋,A,宋人傳記資料索引(電子版),20692,0,46
10815,27954,唱和,為Y作祭文,A,元人傳記資料索引,9063,,145
10815,10097,唱和,為Y作世系碑記,A,元人傳記資料索引,2654,,151
10815,27853,唱和,為Y作臨別贈言(送別詩、序),A,,,1342,162
10815,10801,唱和,臨別得到Y所作贈言(送別詩、序),P,元人傳記資料索引,12306,1342,163
10815,10801,唱和,從Y處收到賀詞 (occasion),P,元人傳記資料索引,12306,1342,391
10815,28426,唱和,從Y處收到賀詞 (occasion),P,元人傳記資料索引,12306,,391
10815,10801,唱和,為Y作神道碑,A,元人傳記資料索引,10550,,406
10815,17690,唱和,為Y作神道碑,A,元人傳記資料索引,11347,0,406
10815,28022,唱和,行狀由Y所作,P,元人傳記資料索引,12306,,425
10815,28015,唱和,答Y書,A,元人傳記資料索引,12068,,431
10815,10801,唱和,收到Y的答書,P,元人傳記資料索引,12306,,432
10815,28543,唱和,贈詩、文,A,元人傳記資料索引,8047,,437
10815,12087,唱和,評論Y之著作,A,宋濂全集,680,,529
11134,3257,師生,為Y之學生,A,人名權威資料（中央研究院歷史語言研究所）,18370,,22
11134,3257,師生,為Y之學生,A,宋人傳記資料索引(電子版),15806,,22
11134,3257,交往,以Y之志業自任,A,,,1211,41
11134,3257,唱和,為Y作墓誌銘,A,宋人傳記資料索引(電子版),3237,0,44
11134,3595,唱和,書跋由Y所作,P,宋人傳記資料索引(電子版),15806,0,45
11134,10706,唱和,書跋由Y所作,P,宋人傳記資料索引(電子版),15806,0,45
11134,10801,唱和,書跋由Y所作,P,宋人傳記資料索引(電子版),15806,0,45
11134,2022,唱和,為Y所著書作跋,A,宋人傳記資料索引(電子版),17096,0,46
11134,3257,唱和,為Y所著書作跋,A,宋人傳記資料索引(電子版),3237,0,46
11134,3257,唱和,為Y作祭文,A,,,1211,145
11134,3257,唱和,為Y作祭文,A,宋人傳記資料索引(電子版),3237,0,145
11134,3257,唱和,為Y作祝詞,A,宋人傳記資料索引(電子版),3237,0,147
11134,10258,唱和,祝詞由Y所作,P,宋人傳記資料索引(電子版),15806,0,148
11134,3257,唱和,為Y作行狀,A,宋人傳記資料索引(電子版),3237,0,426
11134,10258,唱和,致書Y,A,全宋文,288.180,,429
11134,3257,唱和,收到Y的答書,P,全宋文,247.283-69,,432
11134,27853,唱和,學記（書院記）由Y所作,P,宋人傳記資料索引(電子版),15806,0,458
11134,3257,唱和,為Y作學記（書院記）,A,宋人傳記資料索引(電子版),3237,0,459
11134,3257,交往,代Y作文,A,宋人傳記資料索引(電子版),3237,0,489
11134,3257,唱和,為Y作祠記,A,宋人傳記資料索引(電子版),3237,0,560
11800,10258,唱和,為Y所著書作跋,A,宋人傳記資料索引(電子版),9994,0,46
11800,10258,唱和,為Y之書、畫作跋,A,,,,149
11800,10289,唱和,為Y作挽詩、詞,A,,,,424
11800,10289,唱和,為Y作挽詩、詞,A,宋人傳記資料索引(電子版),10216,0,424
11800,10749,唱和,為Y作挽詩、詞,A,宋人傳記資料索引(電子版),17800,0,424
11800,10258,唱和,為Y作畫贊(畫像記),A,宋人傳記資料索引(電子版),9994,0,428
11800,10258,唱和,為Y作畫贊(畫像記),A,,,,428
11800,7164,唱和,收到Y的答書,P,全宋文,255.148,,432
11800,10258,唱和,為Y之建築物題詠、記、命名,A,宋人傳記資料索引(電子版),9994,0,443
11800,3257,唱和,為Y作祠記,A,宋人傳記資料索引(電子版),3237,0,560
12087,10815,同僚,為Y所辟,P,宋濂全集,680,,25
12087,28410,唱和,為Y所著書作序,A,元人傳記資料索引,632,,32
12087,28460,唱和,為Y所著書作序,A,,,1355,32
12087,28460,唱和,為Y所著書作序,A,元人傳記資料索引,6190,,32
12087,34532,唱和,書序由Y所作,P,楓山章先生文集:九卷,7.254,,33
12087,10097,唱和,墓誌銘由Y所作,P,宋濂全集,679,1370,43
12087,10097,唱和,墓誌銘由Y所作,P,元人傳記資料索引,10217,1355,43
12087,10097,唱和,墓誌銘由Y所作,P,明人傳記資料索引,7428,0,43
12087,10740,唱和,為Y作墓誌銘,A,元人傳記資料索引,9650,1355,44
12087,66032,唱和,傳記作者為Y,P,元人傳記資料索引,10217,,132
12087,27954,唱和,為Y作祭文,A,元人傳記資料索引,9063,,145
12087,17690,唱和,為Y之書、畫作跋,A,元人傳記資料索引,11347,,149
12087,27965,唱和,書、畫由Y作跋,P,元人傳記資料索引,10217,,150
12087,10258,唱和,為Y作世系碑記,A,,,,151
12087,28460,唱和,為Y作臨別贈言(送別詩、序),A,元人傳記資料索引,6190,1355,162
12087,10740,唱和,臨別得到Y所作贈言(送別詩、序),P,元人傳記資料索引,10217,1355,163
12087,28426,唱和,臨別得到Y所作贈言(送別詩、序),P,元人傳記資料索引,10217,,163
12087,28410,唱和,哀辭由Y所作,P,元人傳記資料索引,10217,,166
12087,10097,唱和,墓誌銘序由Y所作,P,宋濂全集,679,1370,413
12087,28410,唱和,收到Y的贈詩、文,P,元人傳記資料索引,10217,,438
12087,10815,唱和,著作被Y評論,P,宋濂全集,680,,530
12253,31874,同僚,同僚,M,,,482,197
12367,3632,唱和,為Y所著書作序,A,,,550,32
13060,3605,唱和,收到Y的贈詩、文,P,唐五代人交往詩索引,1189,,438
13060,13624,唱和,收到Y的贈詩、文,P,唐五代人交往詩索引,1137,,438
13060,19244,唱和,收到Y的贈詩、文,P,唐五代人交往詩索引,912,,438
13060,93608,唱和,收到Y的贈詩、文,P,唐五代人交往詩索引,1383,,438
13575,94227,好友,友,M,人名權威資料（中央研究院歷史語言研究所）,18538,,9
13575,3332,同僚,被Y推薦,P,,,830,14
13575,3332,師生,為Y之學生,A,韓昌黎文集校注,,797,22
13575,32227,唱和,贈詩、文,A,唐五代人交往詩索引,278,,437
13575,32248,唱和,贈詩、文,A,唐五代人交往詩索引,277,,437
13575,33606,唱和,贈詩、文,A,唐五代人交往詩索引,282,,437
13575,92047,唱和,贈詩、文,A,唐五代人交往詩索引,276,,437
13575,93952,唱和,贈詩、文,A,唐五代人交往詩索引,278,,437
13575,94227,唱和,贈詩、文,A,唐五代人交往詩索引,277,,437
13575,32227,唱和,收到Y的贈詩、文,P,唐五代人交往詩索引,527,,438
13575,33566,唱和,收到Y的贈詩、文,P,唐五代人交往詩索引,1334,,438
13575,33606,唱和,收到Y的贈詩、文,P,唐五代人交往詩索引,1288,,438
13575,93952,唱和,收到Y的贈詩、文,P,唐五代人交往詩索引,331,,438
13575,94160,唱和,收到Y的贈詩、文,P,唐五代人交往詩索引,983,,438
13624,3332,唱和,墓誌銘由Y所作,P,,,818,43
13624,3605,唱和,收到Y的啓,P,,,,434
13624,3332,唱和,贈詩、文,A,唐五代人交往詩索引,1139,,437
13624,13060,唱和,贈詩、文,A,唐五代人交往詩索引,1137,,437
13624,24654,唱和,贈詩、文,A,唐五代人交往詩索引,1133,,437
13624,92328,唱和,贈詩、文,A,唐五代人交往詩索引,1133,,437
13624,146237,唱和,贈詩、文,A,唐五代人交往詩索引,1138,,437
13624,32248,唱和,收到Y的贈詩、文,P,唐五代人交往詩索引,172,,438
15887,16428,師生,弟子為Y,P,,,0,37
16428,15887,師生,為Y之弟子,A,,,0,36
16622,17851,同僚,部將為Y,P,,,0,65
17029,92743,唱和,贈詩、文,A,唐五代人交往詩索引,18,,437
17029,94160,唱和,贈詩、文,A,唐五代人交往詩索引,23,,437
17029,94227,唱和,贈詩、文,A,唐五代人交往詩索引,20,,437
17029,146237,唱和,贈詩、文,A,唐五代人交往詩索引,23,,437
17029,93832,唱和,收到Y的贈詩、文,P,唐五代人交往詩索引,1480,,438
17029,94183,唱和,收到Y的贈詩、文,P,唐五代人交往詩索引,1413,,438
17364,17389,好友,友,M,,,0,9
17690,28306,好友,友,M,人名權威資料（中央研究院歷史語言研究所）,18564,,9
17690,28617,好友,友,M,人名權威資料（中央研究院歷史語言研究所）,18564,,9
17690,35141,好友,友,M,人名權威資料（中央研究院歷史語言研究所）,18564,,9
17690,28143,師生,學生為Y,P,人名權威資料（中央研究院歷史語言研究所）,18564,,23
17690,28306,唱和,書序由Y所作,P,宋人傳記資料索引(電子版),19370,0,33
17690,28306,唱和,書序由Y所作,P,元人傳記資料索引,11347,,33
17690,10801,唱和,書跋由Y所作,P,宋人傳記資料索引(電子版),19370,0,45
17690,28306,唱和,書跋由Y所作,P,宋人傳記資料索引(電子版),19370,0,45
17690,28306,唱和,相唱和,M,元人傳記資料索引,13595,,114
17690,10389,唱和,祭文由Y所作,P,元人傳記資料索引,11347,,146
17690,10084,唱和,書、畫由Y作跋,P,元人傳記資料索引,11347,,150
17690,10097,唱和,書、畫由Y作跋,P,元人傳記資料索引,11347,,150
17690,10389,唱和,書、畫由Y作跋,P,元人傳記資料索引,11347,,150
17690,10726,唱和,書、畫由Y作跋,P,元人傳記資料索引,11347,,150
17690,10740,唱和,書、畫由Y作跋,P,元人傳記資料索引,11347,,150
17690,10801,唱和,書、畫由Y作跋,P,元人傳記資料索引,11347,,150
17690,12087,唱和,書、畫由Y作跋,P,元人傳記資料索引,11347,,150
17690,27727,唱和,書、畫由Y作跋,P,元人傳記資料索引,11347,,150
17690,27957,唱和,書、畫由Y作跋,P,元人傳記資料索引,11347,,150
17690,27965,唱和,書、畫由Y作跋,P,元人傳記資料索引,11347,,150
17690,28143,唱和,書、畫由Y作跋,P,元人傳記資料索引,11347,,150
17690,28306,唱和,書、畫由Y作跋,P,元人傳記資料索引,11347,,150
17690,28410,唱和,書、畫由Y作跋,P,元人傳記資料索引,11347,,150
17690,28603,唱和,書、畫由Y作跋,P,元人傳記資料索引,11347,,150
17690,30192,唱和,書、畫由Y作跋,P,元人傳記資料索引,11347,,150
17690,34493,唱和,書、畫由Y作跋,P,元人傳記資料索引,11347,,150
17690,27727,唱和,臨別得到Y所作贈言(送別詩、序),P,元人傳記資料索引,11347,,163
17690,10815,唱和,神道碑由Y所作,P,元人傳記資料索引,11347,0,405
17690,10097,唱和,畫贊(畫像記)由Y所作,P,元人傳記資料索引,11347,,427
17690,10389,唱和,畫贊(畫像記)由Y所作,P,元人傳記資料索引,11347,,427
17690,10801,唱和,畫贊(畫像記)由Y所作,P,元人傳記資料索引,11347,,427
17690,27853,唱和,為Y作畫贊(畫像記),A,元人傳記資料索引,9374,,428
17690,28306,唱和,贈詩、文,A,元人傳記資料索引,13595,,437
17690,27965,唱和,收到Y的贈詩、文,P,元人傳記資料索引,11347,,438
17690,27998,唱和,收到Y的贈詩、文,P,元人傳記資料索引,11347,,438
17690,28306,唱和,收到Y的贈詩、文,P,元人傳記資料索引,11347,,438
17690,28306,唱和,為Y之建築物題詠、記、命名,A,元人傳記資料索引,13595,,443
17690,10740,唱和,詩文跋由Y所作,P,元人傳記資料索引,11347,,470
17690,10801,唱和,詩文跋由Y所作,P,元人傳記資料索引,11347,,470
17690,28306,唱和,詩文跋由Y所作,P,元人傳記資料索引,11347,,470
17690,33468,唱和,詩文跋由Y所作,P,元人傳記資料索引,11347,,470
17851,16622,同僚,為Y之部將,A,,,0,64
19123,28543,唱和,書序由Y所作,P,宋人傳記資料索引(電子版),216,0,33
19123,30374,唱和,書序由Y所作,P,宋人傳記資料索引(電子版),216,,33
19123,10084,唱和,書跋由Y所作,P,宋人傳記資料索引(電子版),216,0,45
19123,27957,唱和,書跋由Y所作,P,宋人傳記資料索引(電子版),216,0,45
19123,28015,唱和,書跋由Y所作,P,宋人傳記資料索引(電子版),216,0,45
19123,28306,唱和,書跋由Y所作,P,宋人傳記資料索引(電子版),216,0,45
19123,7197,唱和,為Y所著書作跋,A,宋人傳記資料索引(電子版),8125,0,46
19123,10565,唱和,為Y所著書作跋,A,宋人傳記資料索引(電子版),8670,0,46
19123,10566,唱和,為Y所著書作跋,A,宋人傳記資料索引(電子版),17499,0,46
19123,28015,唱和,傳記作者為Y,P,宋人傳記資料索引(電子版),216,,132
19123,10565,唱和,為Y之書、畫作跋,A,,,,149
19123,10566,唱和,為Y之建築物題詠、記、命名,A,宋人傳記資料索引(電子版),17499,0,443
19244,32540,同僚,欣賞/器重,A,李太白全集,,,18
19244,32540,交往,禮待,A,李太白全集,,,363
19244,13060,唱和,贈詩、文,A,唐五代人交往詩索引,912,,437
19244,31407,唱和,贈詩、文,A,唐五代人交往詩索引,911,,437
19244,32174,唱和,收到Y的贈詩、文,P,唐五代人交往詩索引,113,,438
19244,32540,唱和,收到Y的贈詩、文,P,唐五代人交往詩索引,815,,438
19244,33606,唱和,收到Y的贈詩、文,P,唐五代人交往詩索引,1300,,438
19244,93476,唱和,收到Y的贈詩、文,P,唐五代人交往詩索引,249,,438
19244,94183,唱和,收到Y的贈詩、文,P,唐五代人交往詩索引,1418,,438
19244,3915,交往,收到Y所獻詩、文、書,P,,,,506
19244,32540,交往,收到Y所獻詩、文、書,P,李太白全集,,,506
20608,33652,同僚,辟,A,,,200,24
20609,20613,同僚,辟,A,,,252,24
20609,33662,同僚,辟,A,,,252,24
20613,20609,同僚,為Y所辟,P,,,230,25
21194,3332,唱和,贈詩、文,A,唐五代人交往詩索引,1089,,437
21194,3915,唱和,贈詩、文,A,唐五代人交往詩索引,1089,,437
21194,92743,唱和,贈詩、文,A,唐五代人交往詩索引,1083,,437
21194,93476,唱和,贈詩、文,A,唐五代人交往詩索引,1090,,437
21194,24412,唱和,收到Y的贈詩、文,P,唐五代人交往詩索引,748,,438
21194,93476,唱和,收到Y的贈詩、文,P,唐五代人交往詩索引,250,,438
21205,30270,好友,友,M,人名權威資料（中央研究院歷史語言研究所）,18481,,9
21906,511101,師生,學生為Y,P,人名權威資料（中央研究院歷史語言研究所）,18518;18518,,23
21906,511502,師生,學生為Y,P,人名權威資料（中央研究院歷史語言研究所）,18518;18518,,23
24412,32227,唱和,為Y作墓誌銘,A,,,858,44
24412,1762,唱和,詩作為Y所稱道,P,,,858,70
24412,3332,唱和,贈詩、文,A,唐五代人交往詩索引,748,,437
24412,3915,唱和,贈詩、文,A,唐五代人交往詩索引,748,,437
24412,21194,唱和,贈詩、文,A,唐五代人交往詩索引,748,,437
24554,34532,同僚,推薦,A,見素文集,奏議1,,13
24554,28691,唱和,為Y作祭文,A,明人傳記資料索引,2113,0,145
24554,131191,唱和,臨別得到Y所作贈言(送別詩、序),P,明人傳記資料索引,3104,0,163
24554,34532,唱和,為Y作行狀,A,明人傳記資料索引,5075,0,426
24554,28691,唱和,致書Y,A,見素文集,卷23,,429
24554,30374,唱和,致書Y,A,見素文集,卷23,,429
24554,34532,唱和,致書Y,A,見素文集,卷23,,429
24554,28691,唱和,被致書由Y,P,懷麓堂後集,卷10,,430
24554,30374,唱和,被致書由Y,P,王文成公全書:三十八卷,卷27,,430
24554,28691,唱和,答Y書,A,見素文集,卷23,,431
24554,30374,唱和,答Y書,A,見素文集,卷22,,431
24554,34532,唱和,為Y所作詩文作序,A,見素文集,續集 8.2b-4a,0,479
24654,3605,政敵,為Y所忌/惡,P,舊唐書,4210,,84
24654,3605,唱和,收到Y的啓,P,,,,434
24654,3332,唱和,收到Y的贈詩、文,P,唐五代人交往詩索引,1044,,438
24654,3605,唱和,收到Y的贈詩、文,P,唐五代人交往詩索引,1187,,438
24654,13624,唱和,收到Y的贈詩、文,P,唐五代人交往詩索引,1133,,438
24654,32227,唱和,收到Y的贈詩、文,P,唐五代人交往詩索引,530,,438
24654,33606,唱和,收到Y的贈詩、文,P,唐五代人交往詩索引,1289,,438
24654,92047,唱和,收到Y的贈詩、文,P,唐五代人交往詩索引,101,,438
24654,3605,同僚,下屬為Y,A,,,804,482
24654,3605,交往,由Y代作文,P,,,,490
24677,439189,好友,友,M,人名權威資料（中央研究院歷史語言研究所）,18482,,9
25403,27318,同僚,是Y的恩主,A,,,234,4
25793,134865,交往,從Y學,P,明清婦女著作數據庫,"MQWW PoetID #2739, HuWenKai #9",,231
27318,25403,同僚,恩主是Y,P,,,245,5
27727,3257,唱和,為Y所著書作序,A,宋人傳記資料索引(電子版),3237,0,32
27727,7055,唱和,為Y所著書作序,A,,,,32
27727,7055,唱和,為Y所著書作序,A,宋人傳記資料索引(電子版),6664,0,32
27727,7164,唱和,為Y所著書作序,A,宋人傳記資料索引(電子版),12490,0,32
27727,8008,唱和,為Y所著書作序,A,宋人傳記資料索引(電子版),10280,0,32
27727,28306,唱和,書序由Y所作,P,宋人傳記資料索引(電子版),,0,33
27727,28306,唱和,書序由Y所作,P,元人傳記資料索引,311,,33
27727,1762,唱和,為Y所著書作跋,A,宋人傳記資料索引(電子版),1536,0,46
27727,3075,唱和,為Y所著書作跋,A,宋人傳記資料索引(電子版),13585,0,46
27727,3257,唱和,為Y所著書作跋,A,宋人傳記資料索引(電子版),3237,0,46
27727,3595,唱和,為Y所著書作跋,A,宋人傳記資料索引(電子版),21658,0,46
27727,3640,唱和,為Y所著書作跋,A,宋人傳記資料索引(電子版),14736,0,46
27727,3767,唱和,為Y所著書作跋,A,宋人傳記資料索引(電子版),23552,0,46
27727,8008,唱和,為Y所著書作跋,A,宋人傳記資料索引(電子版),10280,0,46
27727,10585,唱和,為Y所著書作跋,A,宋人傳記資料索引(電子版),14583,0,46
27727,28306,唱和,相唱和,M,元人傳記資料索引,311,,114
27727,7055,唱和,為Y作祭文,A,宋人傳記資料索引(電子版),6664,0,145
27727,7164,唱和,為Y作祭文,A,宋人傳記資料索引(電子版),12490,0,145
27727,17690,唱和,為Y之書、畫作跋,A,元人傳記資料索引,11347,,149
27727,10740,唱和,書、畫由Y作跋,P,元人傳記資料索引,311,,150
27727,17690,唱和,為Y作臨別贈言(送別詩、序),A,元人傳記資料索引,11347,,162
27727,27853,唱和,為Y作臨別贈言(送別詩、序),A,元人傳記資料索引,9374,1286,162
27727,28306,唱和,為Y作臨別贈言(送別詩、序),A,元人傳記資料索引,13595,,162
27727,28306,唱和,臨別得到Y所作贈言(送別詩、序),P,元人傳記資料索引,311,,163
27727,3257,唱和,為Y作學記（書院記）,A,宋人傳記資料索引(電子版),3237,0,459
27727,28143,交往,指教Y,A,宋濂全集,i.118,,468
27727,28143,唱和,詩文跋由Y所作,P,元人傳記資料索引,311,,470
27727,28306,唱和,為Y所作詩文作序,A,元人傳記資料索引,311,,479
27727,1762,唱和,評論Y之著作,A,宋人傳記資料索引(電子版),1536,0,529
27727,3075,唱和,評論Y之著作,A,宋人傳記資料索引(電子版),13585,0,529
27727,3257,唱和,評論Y之著作,A,宋人傳記資料索引(電子版),3237,0,529
27727,3767,唱和,評論Y之著作,A,宋人傳記資料索引(電子版),23552,0,529
27727,8008,唱和,評論Y之著作,A,宋人傳記資料索引(電子版),10280,0,529
27727,10585,唱和,評論Y之著作,A,宋人傳記資料索引(電子版),14583,0,529
27853,1488,唱和,為Y所著書作序,A,宋人傳記資料索引(電子版),2420,0,32
27853,7364,唱和,為Y所著書作序,A,宋人傳記資料索引(電子版),15520,0,32
27853,27954,唱和,為Y所著書作序,A,元人傳記資料索引,9063,,32
27853,10815,唱和,書序由Y所作,P,元人傳記資料索引,9374,,33
27853,27954,唱和,墓誌銘由Y所作,P,,,1308,43
27853,28022,唱和,墓誌銘由Y所作,P,,,1308,43
27853,3257,唱和,為Y所著書作跋,A,宋人傳記資料索引(電子版),3237,0,46
27853,3632,唱和,為Y所著書作跋,A,宋人傳記資料索引(電子版),14772,0,46
27853,3767,唱和,為Y所著書作跋,A,宋人傳記資料索引(電子版),23552,0,46
27853,4001,唱和,為Y所著書作跋,A,宋人傳記資料索引(電子版),23176,0,46
27853,7111,唱和,為Y所著書作跋,A,宋人傳記資料索引(電子版),16026,0,46
27853,10097,唱和,傳記作者為Y,P,元人傳記資料索引,9374,,132
27853,10389,唱和,傳記作者為Y,P,元人傳記資料索引,9374,,132
27853,29602,唱和,書、畫由Y作跋,P,元人傳記資料索引,9374,,150
27853,10097,唱和,臨別得到Y所作贈言(送別詩、序),P,,,1308,163
27853,10815,唱和,臨別得到Y所作贈言(送別詩、序),P,,,1308,163
27853,27727,唱和,臨別得到Y所作贈言(送別詩、序),P,元人傳記資料索引,9374,1308,163
27853,28143,唱和,諡議由Y所作,P,元人傳記資料索引,9374,,187
27853,28022,唱和,神道碑由Y所作,P,元人傳記資料索引,9374,,405
27853,28603,唱和,為Y作挽詩、詞,A,元人傳記資料索引,5176,,424
27853,28617,唱和,為Y作挽詩、詞,A,元人傳記資料索引,648,,424
27853,27954,唱和,行狀由Y所作,P,元人傳記資料索引,9374,,425
27853,10740,唱和,畫贊(畫像記)由Y所作,P,元人傳記資料索引,9374,,427
27853,17690,唱和,畫贊(畫像記)由Y所作,P,元人傳記資料索引,9374,,427
27853,28543,唱和,畫贊(畫像記)由Y所作,P,元人傳記資料索引,9374,,427
27853,34493,唱和,畫贊(畫像記)由Y所作,P,元人傳記資料索引,9374,,427
27853,10389,唱和,收到Y的贈詩、文,P,元人傳記資料索引,9374,,438
27853,3632,唱和,為Y作學記（書院記）,A,宋人傳記資料索引(電子版),14772,0,459
27853,11134,唱和,為Y作學記（書院記）,A,宋人傳記資料索引(電子版),15806,0,459
27853,27954,唱和,為Y之詩文作跋,A,元人傳記資料索引,9063,,469
27853,10084,唱和,詩文跋由Y所作,P,元人傳記資料索引,9374,,470
27853,10801,唱和,詩文跋由Y所作,P,元人傳記資料索引,9374,,470
27853,34493,唱和,詩文跋由Y所作,P,元人傳記資料索引,9374,,470
27954,10815,唱和,為Y所著書作序,A,,,1334,32
27954,10815,唱和,為Y所著書作序,A,元人傳記資料索引,12306,,32
27954,27853,唱和,書序由Y所作,P,元人傳記資料索引,9063,,33
27954,10740,唱和,墓誌銘由Y所作,P,,,1334,43
27954,10815,唱和,墓誌銘由Y所作,P,元人傳記資料索引,9063,1334,43
27954,10084,唱和,為Y作墓誌銘,A,,,1334,44
27954,27853,唱和,為Y作墓誌銘,A,,,1334,44
27954,10815,唱和,祭文由Y所作,P,元人傳記資料索引,9063,,146
27954,12087,唱和,祭文由Y所作,P,元人傳記資料索引,9063,,146
27954,28022,唱和,祭文由Y所作,P,元人傳記資料索引,9063,,146
27954,10740,唱和,神道碑由Y所作,P,元人傳記資料索引,9063,,405
27954,10084,唱和,為Y作神道碑,A,元人傳記資料索引,2323,,406
27954,28426,唱和,挽詩、詞由Y所作,P,元人傳記資料索引,9063,,423
27954,27853,唱和,為Y作行狀,A,元人傳記資料索引,9374,,426
27954,10389,唱和,詩文跋由Y所作,P,元人傳記資料索引,9063,,470
27954,27853,唱和,詩文跋由Y所作,P,元人傳記資料索引,9063,,470
27954,28614,唱和,其生祠由Y作記,P,元人傳記資料索引,9063,,498
27957,28614,唱和,為Y所著書作序,A,,,1342,32
27957,28614,唱和,為Y所著書作序,A,元人傳記資料索引,8363,,32
27957,10740,唱和,書序由Y所作,P,,,1342,33
27957,10740,唱和,書序由Y所作,P,元人傳記資料索引,2454,,33
27957,10097,唱和,墓誌銘由Y所作,P,,,1342,43
27957,27965,唱和,書跋由Y所作,P,,,1342,45
27957,1384,唱和,為Y所著書作跋,A,宋人傳記資料索引(電子版),20692,0,46
27957,1762,唱和,為Y所著書作跋,A,宋人傳記資料索引(電子版),1536,0,46
27957,3767,唱和,為Y所著書作跋,A,宋人傳記資料索引(電子版),23552,0,46
27957,7055,唱和,為Y所著書作跋,A,宋人傳記資料索引(電子版),6664,0,46
27957,7111,唱和,為Y所著書作跋,A,宋人傳記資料索引(電子版),16026,0,46
27957,10706,唱和,為Y所著書作跋,A,宋人傳記資料索引(電子版),778,0,46
27957,10740,唱和,為Y所著書作跋,A,,,1342,46
27957,19123,唱和,為Y所著書作跋,A,宋人傳記資料索引(電子版),216,0,46
27957,3767,唱和,為Y作傳,A,宋人傳記資料索引(電子版),23552,0,133
27957,28614,唱和,為Y作祭文,A,元人傳記資料索引,8363,,145
27957,10084,唱和,為Y之書、畫作跋,A,元人傳記資料索引,2323,,149
27957,17690,唱和,為Y之書、畫作跋,A,元人傳記資料索引,11347,,149
27957,28143,唱和,為Y之書、畫作跋,A,元人傳記資料索引,4847,,149
27957,28143,唱和,臨別得到Y所作贈言(送別詩、序),P,元人傳記資料索引,2454,,163
27957,3075,唱和,為Y作諡議,A,宋人傳記資料索引(電子版),13585,0,188
27957,28022,唱和,為Y作齋、堂銘,A,元人傳記資料索引,1755,,298
27957,10706,唱和,為Y作行狀,A,宋人傳記資料索引(電子版),778,0,426
27957,3767,唱和,為Y作畫贊(畫像記),A,宋人傳記資料索引(電子版),23552,0,428
27957,10389,唱和,致書Y,A,元人傳記資料索引,6133,,429
27957,10740,唱和,贈詩、文,A,元人傳記資料索引,9650,,437
27957,28426,唱和,贈詩、文,A,元人傳記資料索引,5049,,437
27957,27998,唱和,收到Y的贈詩、文,P,元人傳記資料索引,2454,,438
27957,1488,唱和,為Y之建築物題詠、記、命名,A,宋人傳記資料索引(電子版),2420,0,443
27957,10792,唱和,為Y之建築物題詠、記、命名,A,元人傳記資料索引,13949,,443
27957,28143,唱和,建築物得到Y的題詠、記、命名,P,元人傳記資料索引,2454,,444
27957,10740,唱和,為Y之詩文作跋,A,元人傳記資料索引,9650,,469
27957,27965,唱和,詩文跋由Y所作,P,元人傳記資料索引,2454,,470
27957,10792,同僚,稱道Y之政績,A,元人傳記資料索引,13949,,540
27957,7364,唱和,為Y作祠記,A,宋人傳記資料索引(電子版),15520,0,560
27965,3888,唱和,為Y所著書作序,A,宋人傳記資料索引(電子版),18066,0,32
27965,10740,唱和,為Y所著書作跋,A,,,1357,46
27965,27957,唱和,為Y所著書作跋,A,,,1357,46
27965,28143,唱和,為Y所著書作跋,A,,,1357,46
27965,33468,唱和,相唱和,M,元人傳記資料索引,12744,,114
27965,28143,唱和,為Y作傳,A,元人傳記資料索引,4847,,133
27965,12087,唱和,為Y之書、畫作跋,A,元人傳記資料索引,10217,,149
27965,17690,唱和,為Y之書、畫作跋,A,元人傳記資料索引,11347,,149
27965,33468,唱和,為Y之書、畫作跋,A,元人傳記資料索引,5352,,149
27965,28460,唱和,為Y作臨別贈言(送別詩、序),A,元人傳記資料索引,6190,1357,162
27965,28410,唱和,挽詩、詞由Y所作,P,元人傳記資料索引,12744,,423
27965,10801,唱和,為Y作畫贊(畫像記),A,元人傳記資料索引,10550,,428
27965,17690,唱和,贈詩、文,A,元人傳記資料索引,11347,,437
27965,28460,唱和,贈詩、文,A,元人傳記資料索引,6190,,437
27965,33468,唱和,收到Y的贈詩、文,P,元人傳記資料索引,12744,,438
27965,10740,唱和,為Y之詩文作跋,A,元人傳記資料索引,9650,,469
27965,27957,唱和,為Y之詩文作跋,A,元人傳記資料索引,2454,,469
27965,28143,唱和,為Y之詩文作跋,A,元人傳記資料索引,4847,,469
27998,10792,唱和,書序由Y所作,P,,,1346,33
27998,10792,唱和,書序由Y所作,P,元人傳記資料索引,2650,,33
27998,10815,唱和,書序由Y所作,P,,,1346,33
27998,10815,唱和,書序由Y所作,P,元人傳記資料索引,2650,,33
27998,28022,唱和,書序由Y所作,P,,,1346,33
27998,28022,唱和,書序由Y所作,P,元人傳記資料索引,2650,,33
27998,28543,唱和,書序由Y所作,P,元人傳記資料索引,2650,,33
27998,10792,唱和,墓誌銘由Y所作,P,元人傳記資料索引,2650,1346,43
27998,10792,唱和,為Y作臨別贈言(送別詩、序),A,元人傳記資料索引,13949,,162
27998,28460,唱和,為Y作臨別贈言(送別詩、序),A,元人傳記資料索引,6190,1346,162
27998,28614,唱和,為Y作臨別贈言(送別詩、序),A,元人傳記資料索引,8363,,162
27998,28460,唱和,臨別得到Y所作贈言(送別詩、序),P,元人傳記資料索引,2650,1346,163
27998,10792,唱和,贈詩、文,A,元人傳記資料索引,13949,,437
27998,17690,唱和,贈詩、文,A,元人傳記資料索引,11347,,437
27998,27957,唱和,贈詩、文,A,元人傳記資料索引,2454,,437
27998,10792,唱和,為Y之建築物題詠、記、命名,A,元人傳記資料索引,13949,,443
27998,10792,唱和,為Y之詩文作跋,A,元人傳記資料索引,13949,,469
28015,19123,唱和,為Y所著書作跋,A,宋人傳記資料索引(電子版),216,0,46
28015,19123,唱和,為Y作傳,A,宋人傳記資料索引(電子版),216,,133
28015,10084,唱和,為Y作祭文,A,元人傳記資料索引,2323,1320,145
28015,10084,唱和,為Y作臨別贈言(送別詩、序),A,元人傳記資料索引,2323,1320,162
28015,10801,唱和,致書Y,A,元人傳記資料索引,10550,,429
28015,10084,唱和,答Y書,A,元人傳記資料索引,2323,,431
28015,10815,唱和,收到Y的答書,P,元人傳記資料索引,12068,,432
28015,10084,唱和,為Y之詩文作跋,A,元人傳記資料索引,2323,,469
28022,10726,同僚,推薦,A,蒙元統治下士人的頓挫與轉折－以婺州為中心,253,1348,13
28022,10084,師生,為Y之學生,A,人名權威資料（中央研究院歷史語言研究所）,18042,,22
28022,27998,唱和,為Y所著書作序,A,,,1362,32
28022,27998,唱和,為Y所著書作序,A,元人傳記資料索引,2650,,32
28022,28143,唱和,為Y所著書作序,A,元人傳記資料索引,4847,,32
28022,10097,唱和,墓誌銘由Y所作,P,,,1362,43
28022,10740,唱和,墓誌銘由Y所作,P,元人傳記資料索引,1755,,43
28022,10740,唱和,為Y作墓誌銘,A,,,1362,44
28022,10815,唱和,為Y作墓誌銘,A,,,1362,44
28022,27853,唱和,為Y作墓誌銘,A,,,1362,44
28022,27954,唱和,為Y作祭文,A,元人傳記資料索引,9063,,145
28022,28426,唱和,書、畫由Y作跋,P,元人傳記資料索引,1755,,150
28022,10801,唱和,臨別得到Y所作贈言(送別詩、序),P,元人傳記資料索引,1755,,163
28022,10084,唱和,為Y作年譜,A,元人傳記資料索引,2323,1362,238
28022,27957,唱和,齋、堂銘由Y所作,P,元人傳記資料索引,1755,,297
28022,10740,唱和,為Y作神道碑,A,元人傳記資料索引,9650,,406
28022,27853,唱和,為Y作神道碑,A,元人傳記資料索引,9374,,406
28022,10097,唱和,墓表由Y所作,P,明人傳記資料索引,1675,0,409
28022,10097,唱和,墓表由Y所作,P,元人傳記資料索引,1755,,409
28022,10815,唱和,為Y作行狀,A,元人傳記資料索引,12306,,426
28022,10097,唱和,畫贊(畫像記)由Y所作,P,元人傳記資料索引,1755,,427
28022,10726,唱和,建築物得到Y的題詠、記、命名,P,元人傳記資料索引,1755,,444
28022,10097,唱和,詩文跋由Y所作,P,元人傳記資料索引,1755,,470
28022,30192,唱和,詩文跋由Y所作,P,元人傳記資料索引,1755,,470
28022,35141,好友,與Y旅遊,M,元人傳記資料索引,4731,,555
28143,27727,好友,友,M,,,,9
28143,28306,好友,友,M,,,,9
28143,10097,師生,門人為Y,P,,,1329,20
28143,17690,師生,為Y之學生,A,人名權威資料（中央研究院歷史語言研究所）,18564,,22
28143,10097,師生,學生為Y,P,人名權威資料（中央研究院歷史語言研究所）,9801,,23
28143,10726,師生,學生為Y,P,人名權威資料（中央研究院歷史語言研究所）,11413,,23
28143,10097,唱和,書序由Y所作,P,元人傳記資料索引,4847,,33
28143,10792,唱和,書序由Y所作,P,,,1329,33
28143,10792,唱和,書序由Y所作,P,元人傳記資料索引,4847,,33
28143,28022,唱和,書序由Y所作,P,元人傳記資料索引,4847,,33
28143,10097,唱和,書跋由Y所作,P,,,1329,45
28143,27965,唱和,書跋由Y所作,P,,,1329,45
28143,630,唱和,為Y所著書作跋,A,宋人傳記資料索引(電子版),22685,0,46
28143,1384,唱和,為Y所著書作跋,A,宋人傳記資料索引(電子版),20692,0,46
28143,1488,唱和,為Y所著書作跋,A,宋人傳記資料索引(電子版),2420,0,46
28143,3257,唱和,為Y所著書作跋,A,宋人傳記資料索引(電子版),3237,0,46
28143,8043,唱和,為Y所著書作跋,A,宋人傳記資料索引(電子版),9075,0,46
28143,28426,唱和,為Y所著書作跋,A,,,1329,46
28143,35141,唱和,為Y所著書作跋,A,,,1329,46
28143,10097,唱和,傳記作者為Y,P,元人傳記資料索引,4847,,132
28143,27965,唱和,傳記作者為Y,P,元人傳記資料索引,4847,,132
28143,10389,唱和,為Y作祭文,A,元人傳記資料索引,6133,,145
28143,8043,唱和,為Y之書、畫作跋,A,,,,149
28143,17690,唱和,為Y之書、畫作跋,A,元人傳記資料索引,11347,,149
28143,35141,唱和,為Y之書、畫作跋,A,元人傳記資料索引,4731,,149
28143,27957,唱和,書、畫由Y作跋,P,元人傳記資料索引,4847,,150
28143,27957,唱和,為Y作臨別贈言(送別詩、序),A,元人傳記資料索引,2454,,162
28143,28460,唱和,為Y作臨別贈言(送別詩、序),A,元人傳記資料索引,6190,1329,162
28143,28306,唱和,臨別得到Y所作贈言(送別詩、序),P,元人傳記資料索引,4847,1329,163
28143,33468,唱和,臨別得到Y所作贈言(送別詩、序),P,元人傳記資料索引,4847,,163
28143,10097,唱和,諡議由Y所作,P,元人傳記資料索引,4847,,187
28143,27853,唱和,為Y作諡議,A,元人傳記資料索引,9374,,188
28143,35141,唱和,為Y作諡議,A,元人傳記資料索引,4731,1329,188
28143,10097,交往,傳經於Y,A,宋濂全集,750,,218
28143,27957,交往,喪事由Y經紀,A,,,,223
28143,28426,唱和,從Y處收到賀詞 (occasion),P,元人傳記資料索引,4847,,391
28143,10740,唱和,墓表由Y所作,P,,,1329,409
28143,10740,唱和,墓表由Y所作,P,元人傳記資料索引,4847,,409
28143,10097,唱和,行狀由Y所作,P,元人傳記資料索引,4847,1329,425
28143,10097,唱和,畫贊(畫像記)由Y所作,P,元人傳記資料索引,4847,,427
28143,35141,唱和,為Y作畫贊(畫像記),A,元人傳記資料索引,4731,,428
28143,28426,唱和,收到Y的贈詩、文,P,元人傳記資料索引,4847,,438
28143,27957,唱和,為Y之建築物題詠、記、命名,A,元人傳記資料索引,2454,,443
28143,27727,交往,向Y問學,P,宋濂全集,i.118,,467
28143,27727,唱和,為Y之詩文作跋,A,元人傳記資料索引,311,,469
28143,28306,唱和,為Y之詩文作跋,A,元人傳記資料索引,13595,,469
28143,28426,唱和,為Y之詩文作跋,A,元人傳記資料索引,5049,,469
28143,10097,唱和,詩文跋由Y所作,P,元人傳記資料索引,4847,,470
28143,27965,唱和,詩文跋由Y所作,P,元人傳記資料索引,4847,,470
28306,10389,唱和,為Y所著書作序,A,元人傳記資料索引,6133,,32
28306,17690,唱和,為Y所著書作序,A,宋人傳記資料索引(電子版),19370,0,32
28306,17690,唱和,為Y所著書作序,A,元人傳記資料索引,11347,,32
28306,27727,唱和,為Y所著書作序,A,宋人傳記資料索引(電子版),,0,32
28306,27727,唱和,為Y所著書作序,A,元人傳記資料索引,311,,32
28306,10097,唱和,書序由Y所作,P,元人傳記資料索引,13595,,33
28306,10389,唱和,墓誌銘由Y所作,P,元人傳記資料索引,13595,1303,43
28306,3257,唱和,為Y所著書作跋,A,宋人傳記資料索引(電子版),3237,0,46
28306,3640,唱和,為Y所著書作跋,A,宋人傳記資料索引(電子版),14736,0,46
28306,3767,唱和,為Y所著書作跋,A,宋人傳記資料索引(電子版),23552,0,46
28306,17690,唱和,為Y所著書作跋,A,宋人傳記資料索引(電子版),19370,0,46
28306,19123,唱和,為Y所著書作跋,A,宋人傳記資料索引(電子版),216,0,46
28306,10389,唱和,為Y作字說、名述,A,元人傳記資料索引,6133,,88
28306,10389,唱和,傳記作者為Y,P,元人傳記資料索引,13595,,132
28306,10389,唱和,祭文由Y所作,P,元人傳記資料索引,13595,,146
28306,17690,唱和,為Y之書、畫作跋,A,元人傳記資料索引,11347,,149
28306,10389,唱和,為Y作臨別贈言(送別詩、序),A,元人傳記資料索引,6133,,162
28306,28143,唱和,為Y作臨別贈言(送別詩、序),A,元人傳記資料索引,4847,1303,162
28306,3767,唱和,為Y作畫贊(畫像記),A,宋人傳記資料索引(電子版),23552,0,428
28306,17690,唱和,建築物得到Y的題詠、記、命名,P,元人傳記資料索引,13595,,444
28306,1488,唱和,為Y作學記（書院記）,A,宋人傳記資料索引(電子版),2420,0,459
28306,17690,唱和,為Y之詩文作跋,A,元人傳記資料索引,11347,,469
28306,10097,唱和,詩文跋由Y所作,P,元人傳記資料索引,13595,,470
28306,28143,唱和,詩文跋由Y所作,P,元人傳記資料索引,13595,,470
28306,27727,唱和,詩文序由Y所作,P,元人傳記資料索引,311,,480
28410,12087,唱和,書序由Y所作,P,元人傳記資料索引,632,,33
28410,17690,唱和,為Y之書、畫作跋,A,元人傳記資料索引,11347,,149
28410,28460,唱和,為Y作臨別贈言(送別詩、序),A,元人傳記資料索引,6190,1378,162
28410,12087,唱和,為Y作哀辭,A,元人傳記資料索引,10217,,167
28410,28460,唱和,為Y作哀辭,A,,,1378,167
28410,27965,唱和,為Y作挽詩、詞,A,元人傳記資料索引,12744,,424
28410,28460,唱和,為Y作挽詩、詞,A,元人傳記資料索引,6190,,424
28410,12087,唱和,贈詩、文,A,元人傳記資料索引,10217,,437
28410,33468,唱和,贈詩、文,A,元人傳記資料索引,5352,,437
28410,30239,唱和,詩文跋由Y所作,P,元人傳記資料索引,632,,470
28426,10084,唱和,書序由Y所作,P,,,1345,33
28426,10084,唱和,書跋由Y所作,P,,,1345,45
28426,10792,唱和,書跋由Y所作,P,,,1345,45
28426,10801,唱和,書跋由Y所作,P,,,1345,45
28426,28143,唱和,書跋由Y所作,P,,,1345,45
28426,10084,唱和,詩作為Y所稱道,P,全元文,31.538,,70
28426,28022,唱和,為Y之書、畫作跋,A,元人傳記資料索引,1755,,149
28426,10097,唱和,為Y作世系碑記,A,元人傳記資料索引,2654,,151
28426,10792,唱和,為Y作臨別贈言(送別詩、序),A,元人傳記資料索引,13949,,162
28426,12087,唱和,為Y作臨別贈言(送別詩、序),A,元人傳記資料索引,10217,,162
28426,28543,唱和,臨別得到Y所作贈言(送別詩、序),P,元人傳記資料索引,5049,1345,163
28426,10801,唱和,向Y致賀,A,元人傳記資料索引,10550,,390
28426,10815,唱和,向Y致賀,A,元人傳記資料索引,12306,,390
28426,28143,唱和,向Y致賀,A,元人傳記資料索引,4847,,390
28426,10740,唱和,從Y處收到賀詞 (occasion),P,元人傳記資料索引,5049,,391
28426,10389,唱和,為Y作挽詩、詞,A,元人傳記資料索引,6133,,424
28426,27954,唱和,為Y作挽詩、詞,A,元人傳記資料索引,9063,,424
28426,10740,唱和,贈詩、文,A,元人傳記資料索引,9650,,437
28426,10801,唱和,贈詩、文,A,元人傳記資料索引,10550,,437
28426,28143,唱和,贈詩、文,A,元人傳記資料索引,4847,,437
28426,28460,唱和,贈詩、文,A,元人傳記資料索引,6190,,437
28426,27957,唱和,收到Y的贈詩、文,P,元人傳記資料索引,5049,,438
28426,10792,唱和,為Y之建築物題詠、記、命名,A,元人傳記資料索引,13949,,443
28426,10084,唱和,詩文跋由Y所作,P,元人傳記資料索引,5049,,470
28426,10792,唱和,詩文跋由Y所作,P,元人傳記資料索引,5049,,470
28426,10801,唱和,詩文跋由Y所作,P,元人傳記資料索引,5049,,470
28426,28143,唱和,詩文跋由Y所作,P,元人傳記資料索引,5049,,470
28426,10084,唱和,為Y所作詩文作序,A,元人傳記資料索引,5049,,479
28460,10726,唱和,書序由Y所作,P,,,1357,33
28460,10726,唱和,書序由Y所作,P,元人傳記資料索引,6190,,33
28460,12087,唱和,書序由Y所作,P,,,1357,33
28460,12087,唱和,書序由Y所作,P,元人傳記資料索引,6190,,33
28460,10792,唱和,為Y作臨別贈言(送別詩、序),A,元人傳記資料索引,13949,,162
28460,10726,唱和,臨別得到Y所作贈言(送別詩、序),P,元人傳記資料索引,6190,1357,163
28460,12087,唱和,臨別得到Y所作贈言(送別詩、序),P,元人傳記資料索引,6190,1357,163
28460,27965,唱和,臨別得到Y所作贈言(送別詩、序),P,元人傳記資料索引,6190,1357,163
28460,28143,唱和,臨別得到Y所作贈言(送別詩、序),P,元人傳記資料索引,6190,1357,163
28460,28410,唱和,臨別得到Y所作贈言(送別詩、序),P,元人傳記資料索引,6190,1357,163
28460,28410,唱和,哀辭由Y所作,P,,,1357,166
28460,28410,唱和,挽詩、詞由Y所作,P,元人傳記資料索引,6190,,423
28460,10389,唱和,為Y作畫贊(畫像記),A,元人傳記資料索引,6133,,428
28460,27965,唱和,收到Y的贈詩、文,P,元人傳記資料索引,6190,,438
28460,28426,唱和,收到Y的贈詩、文,P,元人傳記資料索引,6190,,438
28460,10726,唱和,建築物得到Y的題詠、記、命名,P,元人傳記資料索引,6190,,444
28460,10726,同僚,政績為Y所稱道,P,元人傳記資料索引,6190,,539
28543,19123,唱和,為Y所著書作序,A,宋人傳記資料索引(電子版),216,0,32
28543,27998,唱和,為Y所著書作序,A,元人傳記資料索引,2650,,32
28543,28614,唱和,墓誌銘由Y所作,P,元人傳記資料索引,8047,,43
28543,10792,唱和,為Y作臨別贈言(送別詩、序),A,元人傳記資料索引,13949,,162
28543,28426,唱和,為Y作臨別贈言(送別詩、序),A,元人傳記資料索引,5049,1346,162
28543,28614,唱和,為Y作臨別贈言(送別詩、序),A,元人傳記資料索引,8363,,162
28543,10792,唱和,為Y作齋、堂銘,A,元人傳記資料索引,13949,,298
28543,35141,唱和,向Y致賀,A,元人傳記資料索引,4731,,390
28543,27853,唱和,為Y作畫贊(畫像記),A,元人傳記資料索引,9374,,428
28543,35141,唱和,為Y作畫贊(畫像記),A,元人傳記資料索引,4731,,428
28543,10815,唱和,收到Y的贈詩、文,P,元人傳記資料索引,8047,,438
28543,10792,唱和,為Y之詩文作跋,A,元人傳記資料索引,13949,,469
28603,28617,同僚,被Y推薦,P,元人傳記資料索引,5176,,14
28603,28617,唱和,書序由Y所作,P,,,1286,33
28603,28617,唱和,書序由Y所作,P,元人傳記資料索引,5176,,33
28603,28617,唱和,相唱和,M,元人傳記資料索引,5176,,114
28603,28617,唱和,傳記作者為Y,P,元人傳記資料索引,5176,,132
28603,17690,唱和,為Y之書、畫作跋,A,元人傳記資料索引,11347,,149
28603,28617,唱和,為Y之書、畫作跋,A,元人傳記資料索引,648,,149
28603,28617,唱和,從Y處收到賀詞 (occasion),P,元人傳記資料索引,5176,,391
28603,27853,唱和,挽詩、詞由Y所作,P,元人傳記資料索引,5176,,423
28603,28617,唱和,挽詩、詞由Y所作,P,元人傳記資料索引,5176,,423
28603,28617,唱和,贈詩、文,A,元人傳記資料索引,648,,437
28603,28617,唱和,收到Y的贈詩、文,P,元人傳記資料索引,5176,,438
28603,28617,唱和,祠記由Y所作,P,元人傳記資料索引,5176,,561
28614,10097,唱和,為Y所著書作序,A,元人傳記資料索引,2654,,32
28614,10792,唱和,為Y所著書作序,A,元人傳記資料索引,13949,,32
28614,27957,唱和,書序由Y所作,P,,,1342,33
28614,27957,唱和,書序由Y所作,P,元人傳記資料索引,8363,,33
28614,28543,唱和,為Y作墓誌銘,A,元人傳記資料索引,8047,,44
28614,27957,唱和,祭文由Y所作,P,元人傳記資料索引,8363,,146
28614,10792,唱和,為Y作臨別贈言(送別詩、序),A,元人傳記資料索引,13949,,162
28614,27998,唱和,臨別得到Y所作贈言(送別詩、序),P,元人傳記資料索引,8363,,163
28614,28543,唱和,臨別得到Y所作贈言(送別詩、序),P,元人傳記資料索引,8363,,163
28614,10801,唱和,向Y致賀,A,元人傳記資料索引,10550,,390
28614,10792,唱和,為Y作畫贊(畫像記),A,元人傳記資料索引,13949,,428
28614,10801,唱和,收到Y的贈詩、文,P,元人傳記資料索引,8363,,438
28614,10792,唱和,為Y之建築物題詠、記、命名,A,元人傳記資料索引,13949,,443
28614,10792,唱和,為Y之詩文作跋,A,元人傳記資料索引,13949,,469
28614,10801,唱和,為Y之詩文作跋,A,元人傳記資料索引,10550,,469
28614,10792,唱和,詩文序由Y所作,P,元人傳記資料索引,13949,,480
28614,27954,唱和,為Y之生祠作記,A,元人傳記資料索引,9063,,497
28617,28603,同僚,推薦,A,元人傳記資料索引,5176,,13
28617,28603,唱和,為Y所著書作序,A,,,1276,32
28617,28603,唱和,為Y所著書作序,A,元人傳記資料索引,5176,,32
28617,3257,唱和,為Y所著書作跋,A,宋人傳記資料索引(電子版),3237,0,46
28617,3767,唱和,為Y所著書作跋,A,宋人傳記資料索引(電子版),23552,0,46
28617,7111,唱和,為Y所著書作跋,A,宋人傳記資料索引(電子版),16026,0,46
28617,28603,唱和,為Y作傳,A,元人傳記資料索引,5176,,133
28617,28603,唱和,書、畫由Y作跋,P,元人傳記資料索引,648,,150
28617,28603,唱和,向Y致賀,A,元人傳記資料索引,5176,,390
28617,27853,唱和,挽詩、詞由Y所作,P,元人傳記資料索引,648,,423
28617,28603,唱和,為Y作挽詩、詞,A,元人傳記資料索引,5176,,424
28617,8043,唱和,為Y作畫贊(畫像記),A,,,,428
28617,8043,唱和,為Y作畫贊(畫像記),A,宋人傳記資料索引(電子版),9075,0,428
28617,28603,唱和,為Y作祠記,A,元人傳記資料索引,5176,,560
28691,24554,唱和,祭文由Y所作,P,明人傳記資料索引,2113,0,146
28691,29602,同僚,同僚,M,(道光)徽州府志:十六卷卷首一卷,lgid=1160585,,197
28691,24554,唱和,致書Y,A,懷麓堂後集,卷10,,429
28691,24554,唱和,被致書由Y,P,見素文集,卷23,,430
28691,29602,唱和,被致書由Y,P,篁墩文集,,,430
28691,34532,唱和,被致書由Y,P,楓山章先生文集:九卷,3,,430
28691,34649,唱和,被致書由Y,P,洹詞,,,430
28691,34532,唱和,答Y書,A,懷麓堂後集,卷10,,431
28691,24554,唱和,收到Y的答書,P,見素文集,卷23,,432
28691,29602,唱和,收到Y的答書,P,篁墩文集,,,432
29602,27853,唱和,為Y之書、畫作跋,A,元人傳記資料索引,9374,,149
29602,28691,唱和,致書Y,A,篁墩文集,,,429
29602,28691,唱和,答Y書,A,篁墩文集,,,431
29613,30270,好友,友,M,人名權威資料（中央研究院歷史語言研究所）,18481,,9
29615,439186,好友,友,M,人名權威資料（中央研究院歷史語言研究所）,18476;18476,,9
29653,29876,好友,相識,M,,,,95
29653,33879,唱和,為Y作傳,A,,,1823,133
29653,33848,好友,與Y遊,M,人名權威資料（中央研究院歷史語言研究所）,105,,277
29876,30080,好友,友,M,人名權威資料（中央研究院歷史語言研究所）,143,,9
29876,33556,好友,友,M,人名權威資料（中央研究院歷史語言研究所）,1854,,9
29876,54115,好友,友,M,,,,9
29876,65933,好友,友,M,,,,9
29876,30080,交往,同年友,M,紀曉嵐年譜,217,,10
29876,33556,交往,同年友,M,,,,10
29876,7343,唱和,為Y所著書作跋,A,宋人傳記資料索引(電子版),10502,,46
29876,33848,好友,與Y遊,M,人名權威資料（中央研究院歷史語言研究所）,105,,277
29876,65933,好友,與Y遊,M,人名權威資料（中央研究院歷史語言研究所）,9442,,277
30080,65933,好友,友,M,紀曉嵐年譜,210,,9
30080,33556,好友,友,M,人名權威資料（中央研究院歷史語言研究所）,143,,9
30080,33848,好友,友,M,人名權威資料（中央研究院歷史語言研究所）,143,,9
30080,65933,交往,聘Y主家之教席,P,紀曉嵐年譜,210,,214
30080,33848,好友,與Y遊,M,人名權威資料（中央研究院歷史語言研究所）,105,,277
30080,65933,好友,與Y遊,M,人名權威資料（中央研究院歷史語言研究所）,9442,,277
30192,34252,唱和,為Y作墓誌銘,A,,,1755,44
30192,33879,唱和,為Y作傳,A,,,1755,133
30192,10097,唱和,為Y之書、畫作跋,A,元人傳記資料索引,2654,,149
30192,17690,唱和,為Y之書、畫作跋,A,元人傳記資料索引,11347,,149
30192,34252,唱和,為Y作神道碑,A,明人傳記資料索引,9798,0,406
30192,10084,唱和,答Y書,A,元人傳記資料索引,2323,,431
30192,34926,唱和,為Y作壙記,A,明人傳記資料索引,1849,0,463
30192,10084,唱和,為Y之詩文作跋,A,元人傳記資料索引,2323,,469
30192,28022,唱和,為Y之詩文作跋,A,元人傳記資料索引,1755,,469
30192,69011,唱和,為Y之行狀作跋,A,明人傳記資料索引,5501,0,523
30239,30713,師生,學生為Y,P,人名權威資料（中央研究院歷史語言研究所）,9436,,23
30239,30240,唱和,為Y作墓誌銘,A,,,1641,44
30239,30240,唱和,為Y作墓誌銘,A,明人傳記資料索引,6537,0,44
30239,127987,唱和,為Y作墓誌銘,A,明人傳記資料索引,2329,0,44
30239,30240,唱和,為Y作畫贊(畫像記),A,明人傳記資料索引,6537,0,428
30239,35063,唱和,答Y書,A,牧齋外集二十五卷,卷22,,431
30239,30713,唱和,收到Y的答書,P,南雷文案10卷外1卷吾悔集4卷撰杖集1卷劉子行狀2卷,卷4,,432
30239,127987,唱和,贈詩、文,A,明人傳記資料索引,2329,0,437
30239,131951,唱和,贈詩、文,A,明人傳記資料索引,7559,0,437
30239,34747,唱和,為Y作學記（書院記）,A,明人傳記資料索引,7686,0,459
30239,28410,唱和,為Y之詩文作跋,A,元人傳記資料索引,632,,469
30240,127987,唱和,書序由Y所作,P,明人傳記資料索引,6537,0,33
30240,30239,唱和,墓誌銘由Y所作,P,,,1605,43
30240,30239,唱和,墓誌銘由Y所作,P,明人傳記資料索引,6537,0,43
30240,68547,唱和,為Y作祭文,A,明人傳記資料索引,4900,0,145
30240,127987,唱和,家傳為Y所作,P,明人傳記資料索引,6537,0,396
30240,30239,唱和,畫贊(畫像記)由Y所作,P,明人傳記資料索引,6537,0,427
30240,34747,唱和,致書Y,A,快雪堂集:六十四卷,卷35,,429
30240,34717,唱和,被致書由Y,P,弇州四部稿一百七十四卷續稿二百零七卷,卷368,,430
30240,34717,唱和,答Y書,A,快雪堂集:六十四卷,卷38,,431
30257,30281,政敵,處決,A,,,220,204
30257,30282,政敵,處決,A,,,220,204
30261,30267,政敵,廢除Y的君位,A,,,227,388
30267,30261,政敵,君位被Y廢除,P,,,234,389
30281,30257,政敵,被Y處決,P,,,216,205
30282,30257,政敵,被Y處決,P,,,216,205
30374,131191,好友,友,M,人名權威資料（中央研究院歷史語言研究所）,11920,,9
30374,3632,唱和,為Y所著書作序,A,宋人傳記資料索引(電子版),14772,0,32
30374,19123,唱和,為Y所著書作序,A,宋人傳記資料索引(電子版),216,,32
30374,34702,唱和,書序由Y所作,P,明人傳記資料索引,300,0,33
30374,131191,唱和,書序由Y所作,P,明人傳記資料索引,300,0,33
30374,131191,唱和,墓誌銘由Y所作,P,明人傳記資料索引,300,0,43
30374,34747,唱和,書跋由Y所作,P,明人傳記資料索引,300,0,45
30374,33879,唱和,傳記作者為Y,P,明人傳記資料索引,300,0,132
30374,34717,唱和,傳記作者為Y,P,明人傳記資料索引,300,0,132
30374,99984,唱和,祭文由Y所作,P,明人傳記資料索引,300,0,146
30374,131191,唱和,祭文由Y所作,P,明人傳記資料索引,300,0,146
30374,99984,交往,教授Y,A,歐陽德集,1,1516,232
30374,68547,唱和,畫贊(畫像記)由Y所作,P,明人傳記資料索引,300,0,427
30374,24554,唱和,致書Y,A,王文成公全書:三十八卷,卷27,,429
30374,99984,唱和,致書Y,A,王文成公全書:三十八卷,卷6,,429
30374,24554,唱和,被致書由Y,P,見素文集,卷23,,430
30374,99984,唱和,答Y書,A,王文成公全書:三十八卷,卷2,,431
30374,131191,唱和,答Y書,A,王文成公全書:三十八卷,卷4,,431
30374,24554,唱和,收到Y的答書,P,見素文集,卷22,,432
30374,34702,唱和,建築物得到Y的題詠、記、命名,P,明人傳記資料索引,300,0,444
30374,34747,唱和,學記（書院記）由Y所作,P,明人傳記資料索引,300,0,458
30374,99984,唱和,學記（書院記）由Y所作,P,明人傳記資料索引,300,0,458
30374,131191,唱和,祠記由Y所作,P,明人傳記資料索引,300,0,561
30593,34717,唱和,為Y作祭文,A,明人傳記資料索引,274,0,145
30593,34717,唱和,致書Y,A,歸有園稿:三十二卷,,,429
30593,34717,唱和,致書Y,A,徐氏海隅集文編:四十三卷,,,429
30593,34717,唱和,被致書由Y,P,弇州四部稿一百七十四卷續稿二百零七卷,卷124,,430
30593,34717,唱和,答Y書,A,徐氏海隅集文編:四十三卷,,,431
30593,69011,唱和,收到Y的答書,P,張江陵集,,,432
30593,123973,唱和,收到Y的答書,P,賜閒堂集:四十卷,,,432
30593,34717,唱和,贈詩、文,A,明人傳記資料索引,274,0,437
30593,69011,唱和,贈詩、文,A,明人傳記資料索引,5501,0,437
30713,33879,好友,友,M,人名權威資料（中央研究院歷史語言研究所）,9436,,9
30713,30239,師生,為Y之學生,A,人名權威資料（中央研究院歷史語言研究所）,9436,,22
30713,34926,唱和,為Y作墓誌銘,A,,,1658,44
30713,34926,唱和,為Y作墓誌銘,A,明人傳記資料索引,1849,0,44
30713,34926,唱和,被致書由Y,P,姑山遺集三十卷,卷26,,430
30713,30239,唱和,答Y書,A,南雷文案10卷外1卷吾悔集4卷撰杖集1卷劉子行狀2卷,卷4,,431
30851,32540,唱和,收到Y的贈詩、文,P,唐五代人交往詩索引,805,,438
30851,32583,唱和,收到Y的贈詩、文,P,唐五代人交往詩索引,442,,438
30851,33566,唱和,收到Y的贈詩、文,P,唐五代人交往詩索引,1331,,438
30851,94109,唱和,收到Y的贈詩、文,P,唐五代人交往詩索引,580,,438
30851,32540,好友,與Y旅遊,M,,,,555
31407,19244,唱和,收到Y的贈詩、文,P,唐五代人交往詩索引,911,,438
31407,32540,唱和,收到Y的贈詩、文,P,唐五代人交往詩索引,807,,438
31974,94595,唱和,收到Y的贈詩、文,P,唐五代人交往詩索引,381,,438
32174,19244,唱和,贈詩、文,A,唐五代人交往詩索引,113,,437
32174,3915,唱和,收到Y的贈詩、文,P,唐五代人交往詩索引,1102,,438
32174,93476,唱和,收到Y的贈詩、文,P,唐五代人交往詩索引,246,,438
32174,94109,唱和,收到Y的贈詩、文,P,唐五代人交往詩索引,580,,438
32174,94271,唱和,收到Y的贈詩、文,P,唐五代人交往詩索引,1452,,438
32174,94595,唱和,收到Y的贈詩、文,P,唐五代人交往詩索引,379,,438
32227,32248,好友,友,M,,,,9
32227,33606,好友,友,M,,,,9
32227,32248,交往,同年友,M,舊唐書,,,10
32227,32248,唱和,書序由Y所作,P,元氏長慶集,,,33
32227,24412,唱和,墓誌銘由Y所作,P,,,831,43
32227,32248,唱和,為Y作墓誌銘,A,,,831,44
32227,32248,唱和,為Y作祭文,A,,,,145
32227,32248,唱和,致書Y,A,,,,429
32227,33606,唱和,致書Y,A,,,,429
32227,3915,唱和,贈詩、文,A,唐五代人交往詩索引,551,,437
32227,24654,唱和,贈詩、文,A,唐五代人交往詩索引,530,,437
32227,32248,唱和,贈詩、文,A,唐五代人交往詩索引,519,,437
32227,32540,唱和,贈詩、文,A,唐五代人交往詩索引,544,,437
32227,32822,唱和,贈詩、文,A,唐五代人交往詩索引,547,,437
32227,33606,唱和,贈詩、文,A,唐五代人交往詩索引,557,,437
32227,92047,唱和,贈詩、文,A,唐五代人交往詩索引,517,,437
32227,3332,唱和,收到Y的贈詩、文,P,唐五代人交往詩索引,1045,,438
32227,32248,唱和,收到Y的贈詩、文,P,唐五代人交往詩索引,163,,438
32227,33606,唱和,收到Y的贈詩、文,P,唐五代人交往詩索引,1292,,438
32227,92743,唱和,收到Y的贈詩、文,P,唐五代人交往詩索引,81,,438
32227,94160,唱和,收到Y的贈詩、文,P,唐五代人交往詩索引,985,,438
32227,33606,唱和,為Y所作詩文作序,A,舊唐書,4212,,479
32248,33606,好友,友,M,人名權威資料（中央研究院歷史語言研究所）,18572,,9
32248,32227,唱和,為Y所著書作序,A,元氏長慶集,,,32
32248,32227,唱和,墓誌銘由Y所作,P,,,831,43
32248,3915,唱和,為Y作墓誌銘,A,,,831,44
32248,32227,唱和,祭文由Y所作,P,,,,146
32248,32227,唱和,被致書由Y,P,,,,430
32248,3332,唱和,贈詩、文,A,唐五代人交往詩索引,171,,437
32248,3915,唱和,贈詩、文,A,唐五代人交往詩索引,172,,437
32248,13624,唱和,贈詩、文,A,唐五代人交往詩索引,172,,437
32248,3605,唱和,收到Y的贈詩、文,P,唐五代人交往詩索引,1187,,438
32248,13575,唱和,收到Y的贈詩、文,P,唐五代人交往詩索引,277,,438
32248,33606,唱和,收到Y的贈詩、文,P,唐五代人交往詩索引,1286,,438
32540,19244,同僚,被Y欣賞/器重,P,李太白全集,,,17
32540,7364,唱和,書序由Y所作,P,李太白全集,,,33
32540,3640,唱和,詩作為Y所稱道,P,劍南詩稿校注,139,1170,70
32540,19244,交往,受Y之禮待,P,李太白全集,,,364
32540,3915,唱和,贈詩、文,A,李太白全集,,,437
32540,19244,唱和,贈詩、文,A,唐五代人交往詩索引,815,,437
32540,30851,唱和,贈詩、文,A,唐五代人交往詩索引,805,,437
32540,31407,唱和,贈詩、文,A,唐五代人交往詩索引,807,,437
32540,3332,唱和,收到Y的贈詩、文,P,唐五代人交往詩索引,1047,,438
32540,3915,唱和,收到Y的贈詩、文,P,唐五代人交往詩索引,1112,,438
32540,32227,唱和,收到Y的贈詩、文,P,唐五代人交往詩索引,544,,438
32540,33566,唱和,收到Y的贈詩、文,P,唐五代人交往詩索引,1340,,438
32540,92743,唱和,收到Y的贈詩、文,P,唐五代人交往詩索引,83,,438
32540,93476,唱和,收到Y的贈詩、文,P,唐五代人交往詩索引,249,,438
32540,93832,唱和,收到Y的贈詩、文,P,唐五代人交往詩索引,1483,,438
32540,19244,交往,獻文、書于Y,A,李太白全集,,,505
32583,30851,唱和,贈詩、文,A,唐五代人交往詩索引,442,,437
32583,3915,唱和,收到Y的贈詩、文,P,唐五代人交往詩索引,1107,,438
32822,94595,唱和,贈詩、文,A,唐五代人交往詩索引,936,,437
32822,3332,唱和,收到Y的贈詩、文,P,唐五代人交往詩索引,1047,,438
32822,32227,唱和,收到Y的贈詩、文,P,唐五代人交往詩索引,547,,438
32822,93952,唱和,收到Y的贈詩、文,P,唐五代人交往詩索引,335,,438
33468,27965,唱和,書、畫由Y作跋,P,元人傳記資料索引,5352,,150
33468,28143,唱和,為Y作臨別贈言(送別詩、序),A,元人傳記資料索引,4847,,162
33468,27965,唱和,贈詩、文,A,元人傳記資料索引,12744,,437
33468,28410,唱和,收到Y的贈詩、文,P,元人傳記資料索引,5352,,438
33468,17690,唱和,為Y之詩文作跋,A,元人傳記資料索引,11347,,469
33556,33848,好友,友,M,人名權威資料（中央研究院歷史語言研究所）,1854,,9
33556,65933,好友,友,M,人名權威資料（中央研究院歷史語言研究所）,1854,,9
33556,65933,好友,與Y遊,M,人名權威資料（中央研究院歷史語言研究所）,9442,,277
33566,13575,唱和,贈詩、文,A,唐五代人交往詩索引,1334,,437
33566,30851,唱和,贈詩、文,A,唐五代人交往詩索引,1331,,437
33566,32540,唱和,贈詩、文,A,唐五代人交往詩索引,1340,,437
33566,94109,唱和,收到Y的贈詩、文,P,唐五代人交往詩索引,586,,438
33566,94271,唱和,收到Y的贈詩、文,P,唐五代人交往詩索引,1462,,438
33606,3605,唱和,為Y作祭文,A,,,,145
33606,32227,唱和,被致書由Y,P,,,,430
33606,3332,唱和,贈詩、文,A,唐五代人交往詩索引,1301,,437
33606,3605,唱和,贈詩、文,A,唐五代人交往詩索引,1303,,437
33606,19244,唱和,贈詩、文,A,唐五代人交往詩索引,1300,,437
33606,24654,唱和,贈詩、文,A,唐五代人交往詩索引,1289,,437
33606,32248,唱和,贈詩、文,A,唐五代人交往詩索引,1286,,437
33606,92047,唱和,贈詩、文,A,唐五代人交往詩索引,1286,,437
33606,94160,唱和,贈詩、文,A,唐五代人交往詩索引,1300,,437
33606,93476,唱和,收到Y的贈詩、文,P,唐五代人交往詩索引,251,,438
33606,146237,唱和,收到Y的贈詩、文,P,唐五代人交往詩索引,1001,,438
33606,32227,唱和,詩文序由Y所作,P,舊唐書,4212,,480
33652,20608,同僚,為Y所辟,P,,,215,25
33662,20609,同僚,為Y所辟,P,,,243,25
33848,10801,唱和,為Y所著書作序,A,元人傳記資料索引,10550,,32
33860,131191,唱和,為Y所著書作序,A,明人傳記資料索引,6554,0,32
33860,34747,唱和,書序由Y所作,P,明人傳記資料索引,2748,0,33
33860,68547,唱和,書序由Y所作,P,明人傳記資料索引,2748,0,33
33860,131191,唱和,臨別得到Y所作贈言(送別詩、序),P,明人傳記資料索引,2748,0,163
33860,99984,唱和,從Y處收到賀詞 (occasion),P,明人傳記資料索引,2748,0,391
33860,99984,唱和,被致書由Y,P,歐陽南野先生文集:三十卷,,,430
33860,131191,唱和,被致書由Y,P,甘泉先生續編大全:三十三卷,,,430
33860,34649,唱和,答Y書,A,涇野先生文集:三十六卷,卷21,,431
33860,99984,唱和,贈詩、文,A,明人傳記資料索引,8256,0,437
33860,131191,唱和,為Y之建築物題詠、記、命名,A,明人傳記資料索引,6554,0,443
33879,66032,好友,友,M,人名權威資料（中央研究院歷史語言研究所）,9563,,9
33879,29653,唱和,傳記作者為Y,P,,,1682,132
33879,30192,唱和,傳記作者為Y,P,,,1682,132
33879,30374,唱和,為Y作傳,A,明人傳記資料索引,300,0,133
34252,66032,好友,友,M,人名權威資料（中央研究院歷史語言研究所）,9563,,9
34252,30192,唱和,墓誌銘由Y所作,P,,,1672,43
34252,30192,唱和,神道碑由Y所作,P,明人傳記資料索引,9798,0,405
34493,66729,唱和,為Y作傳,A,明人傳記資料索引,7246,0,133
34493,17690,唱和,為Y之書、畫作跋,A,元人傳記資料索引,11347,,149
34493,66729,唱和,家譜由Y作序,P,明人傳記資料索引,387,0,275
34493,27853,唱和,為Y作畫贊(畫像記),A,元人傳記資料索引,9374,,428
34493,27853,唱和,為Y之詩文作跋,A,元人傳記資料索引,9374,,469
34532,24554,同僚,被Y推薦,P,見素文集,奏議1,,14
34532,131191,師生,學生為Y,P,甘泉先生續編大全:三十三卷,19.30a,,23
34532,12087,唱和,為Y所著書作序,A,楓山章先生文集:九卷,7.254,,32
34532,131191,唱和,祭文由Y所作,P,明人傳記資料索引,5075,0,146
34532,24554,唱和,行狀由Y所作,P,明人傳記資料索引,5075,0,425
34532,131191,唱和,畫贊(畫像記)由Y所作,P,明人傳記資料索引,5075,0,427
34532,28691,唱和,致書Y,A,楓山章先生文集:九卷,3,,429
34532,24554,唱和,被致書由Y,P,見素文集,卷23,,430
34532,28691,唱和,收到Y的答書,P,懷麓堂後集,卷10,,432
34532,24554,唱和,詩文序由Y所作,P,明人傳記資料索引,5075,0,480
34649,131191,唱和,為Y所著書作序,A,明人傳記資料索引,6554,0,32
34649,131191,唱和,為Y作義莊記,A,明人傳記資料索引,6554,0,199
34649,28691,唱和,致書Y,A,洹詞,,,429
34649,33860,唱和,收到Y的答書,P,涇野先生文集:三十六卷,卷21,,432
34649,131191,唱和,為Y之行狀作跋,A,明人傳記資料索引,6554,0,523
34702,30374,唱和,為Y所著書作序,A,明人傳記資料索引,300,0,32
34702,34747,唱和,書序由Y所作,P,明人傳記資料索引,9655,0,33
34702,68547,唱和,墓誌銘由Y所作,P,明人傳記資料索引,9655,0,43
34702,128983,唱和,致書Y,A,石蓮洞羅先生文集:二十五卷,,,429
34702,99984,唱和,被致書由Y,P,歐陽南野先生文集:三十卷,,,430
34702,128983,唱和,被致書由Y,P,姜鳳阿文集：三十八卷,,,430
34702,68547,唱和,答Y書,A,石蓮洞羅先生文集:二十五卷,,,431
34702,131191,唱和,收到Y的答書,P,甘泉先生續編大全:三十三卷,,,432
34702,30374,唱和,為Y之建築物題詠、記、命名,A,明人傳記資料索引,300,0,443
34702,34747,唱和,詩文序由Y所作,P,明人傳記資料索引,9655,0,480
34717,68547,唱和,為Y所著書作序,A,明人傳記資料索引,4900,0,32
34717,127987,唱和,為Y所著書作序,A,明人傳記資料索引,2329,0,32
34717,127987,唱和,書序由Y所作,P,明人傳記資料索引,274,0,33
34717,127987,唱和,墓誌銘由Y所作,P,明人傳記資料索引,274,0,43
34717,30374,唱和,為Y作傳,A,明人傳記資料索引,300,0,133
34717,68547,唱和,為Y作傳,A,明人傳記資料索引,4900,0,133
34717,69011,唱和,為Y作傳,A,明人傳記資料索引,5501,0,133
34717,68547,唱和,為Y作祭文,A,明人傳記資料索引,4900,0,145
34717,30593,唱和,祭文由Y所作,P,明人傳記資料索引,274,0,146
34717,56535,唱和,諡議由Y所作,P,明人傳記資料索引,274,0,187
34717,68547,唱和,向Y致賀,A,明人傳記資料索引,4900,0,390
34717,68547,唱和,為Y作行狀,A,明人傳記資料索引,4900,0,426
34717,30240,唱和,致書Y,A,弇州四部稿一百七十四卷續稿二百零七卷,卷368,,429
34717,30593,唱和,致書Y,A,弇州四部稿一百七十四卷續稿二百零七卷,卷124,,429
34717,127987,唱和,致書Y,A,弇州四部稿一百七十四卷續稿二百零七卷,卷124,,429
34717,30593,唱和,被致書由Y,P,歸有園稿:三十二卷,,,430
34717,30593,唱和,被致書由Y,P,徐氏海隅集文編:四十三卷,,,430
34717,128983,唱和,被致書由Y,P,姜鳳阿文集：三十八卷,,,430
34717,30240,唱和,收到Y的答書,P,快雪堂集:六十四卷,卷38,,432
34717,30593,唱和,收到Y的答書,P,徐氏海隅集文編:四十三卷,,,432
34717,69011,唱和,收到Y的答書,P,張江陵集,,,432
34717,123973,唱和,收到Y的答書,P,賜閒堂集:四十卷,,,432
34717,30593,唱和,收到Y的贈詩、文,P,明人傳記資料索引,274,0,438
34717,10097,唱和,為Y所作詩文作序,A,明人傳記資料索引,1929,0,479
34747,33860,唱和,為Y所著書作序,A,明人傳記資料索引,2748,0,32
34747,34702,唱和,為Y所著書作序,A,明人傳記資料索引,9655,0,32
34747,99984,唱和,為Y所著書作序,A,明人傳記資料索引,8256,0,32
34747,30374,唱和,為Y所著書作跋,A,明人傳記資料索引,300,0,46
34747,128983,唱和,臨別得到Y所作贈言(送別詩、序),P,明人傳記資料索引,7686,0,163
34747,123973,唱和,致書Y,A,鄒公存真集十二卷,卷1,,429
34747,30240,唱和,被致書由Y,P,快雪堂集:六十四卷,卷35,,430
34747,56535,唱和,被致書由Y,P,棘門集:八卷,,,430
34747,128983,唱和,被致書由Y,P,姜鳳阿文集：三十八卷,,,430
34747,131392,唱和,被致書由Y,P,盟鷗堂集：三十卷,,,430
34747,123973,唱和,收到Y的答書,P,賜閒堂集:四十卷,,,432
34747,131392,唱和,收到Y的答書,P,盟鷗堂集：三十卷,,,432
34747,30239,唱和,學記（書院記）由Y所作,P,明人傳記資料索引,7686,0,458
34747,30374,唱和,為Y作學記（書院記）,A,明人傳記資料索引,300,0,459
34747,34702,唱和,為Y所作詩文作序,A,明人傳記資料索引,9655,0,479
34926,30713,唱和,墓誌銘由Y所作,P,,,1666,43
34926,30713,唱和,墓誌銘由Y所作,P,明人傳記資料索引,1849,0,43
34926,30713,唱和,致書Y,A,姑山遺集三十卷,卷26,,429
34926,30192,唱和,壙記由Y所作,P,明人傳記資料索引,1849,0,462
35063,3888,唱和,為Y所著書作跋,A,宋人傳記資料索引(電子版),18066,,46
35063,30239,唱和,收到Y的答書,P,牧齋外集二十五卷,卷22,,432
35141,28143,唱和,書跋由Y所作,P,,,1296,45
35141,28143,唱和,書、畫由Y作跋,P,元人傳記資料索引,4731,,150
35141,28143,唱和,諡議由Y所作,P,元人傳記資料索引,4731,1296,187
35141,28543,唱和,從Y處收到賀詞 (occasion),P,元人傳記資料索引,4731,,391
35141,28143,唱和,畫贊(畫像記)由Y所作,P,元人傳記資料索引,4731,,427
35141,28543,唱和,畫贊(畫像記)由Y所作,P,元人傳記資料索引,4731,,427
56535,34717,唱和,為Y作諡議,A,明人傳記資料索引,274,0,188
56535,34747,唱和,致書Y,A,棘門集:八卷,,,429
56535,127987,唱和,致書Y,A,棘門集:八卷,,,429
65933,30080,交往,主Y家之教席,A,紀曉嵐年譜,210,,213
66032,12087,唱和,為Y作傳,A,元人傳記資料索引,10217,,133
66729,34493,唱和,傳記作者為Y,P,明人傳記資料索引,7246,0,132
66729,99984,唱和,祭文由Y所作,P,明人傳記資料索引,7246,0,146
66729,34493,唱和,為Y之家譜作序,A,明人傳記資料索引,387,0,276
66729,99984,唱和,匾額、器銘由Y所篆,P,明人傳記資料索引,7246,0,484
68547,33860,唱和,為Y所著書作序,A,明人傳記資料索引,2748,0,32
68547,34717,唱和,書序由Y所作,P,明人傳記資料索引,4900,0,33
68547,34702,唱和,為Y作墓誌銘,A,明人傳記資料索引,9655,0,44
68547,128983,唱和,書跋由Y所作,P,明人傳記資料索引,4900,0,45
68547,34717,唱和,傳記作者為Y,P,明人傳記資料索引,4900,0,132
68547,30240,唱和,祭文由Y所作,P,明人傳記資料索引,4900,0,146
68547,34717,唱和,祭文由Y所作,P,明人傳記資料索引,4900,0,146
68547,128983,唱和,祭文由Y所作,P,明人傳記資料索引,4900,0,146
68547,99984,唱和,臨別得到Y所作贈言(送別詩、序),P,明人傳記資料索引,4900,0,163
68547,128983,好友,與Y遊,M,明人傳記資料索引,4900,0,277
68547,34717,唱和,從Y處收到賀詞 (occasion),P,明人傳記資料索引,4900,0,391
68547,128983,唱和,從Y處收到賀詞 (occasion),P,明人傳記資料索引,4900,0,391
68547,99984,唱和,為Y作神道碑,A,明人傳記資料索引,8256,0,406
68547,34717,唱和,行狀由Y所作,P,明人傳記資料索引,4900,0,425
68547,30374,唱和,為Y作畫贊(畫像記),A,明人傳記資料索引,300,0,428
68547,69011,唱和,被致書由Y,P,張江陵集,,,430
68547,99984,唱和,被致書由Y,P,歐陽南野先生文集:三十卷,,,430
68547,128983,唱和,答Y書,A,續世經堂集,,,431
68547,34702,唱和,收到Y的答書,P,石蓮洞羅先生文集:二十五卷,,,432
68547,69011,唱和,收到Y的答書,P,張江陵集,,,432
68547,99984,唱和,收到Y的答書,P,歐陽南野先生文集:三十卷,,,432
68547,69011,唱和,收到Y的贈詩、文,P,明人傳記資料索引,4900,0,438
68547,128983,唱和,收到Y的贈詩、文,P,明人傳記資料索引,4900,0,438
68547,128983,好友,與Y旅遊,M,明人傳記資料索引,4900,0,555
69011,34717,唱和,傳記作者為Y,P,明人傳記資料索引,5501,0,132
69011,68547,唱和,致書Y,A,張江陵集,,,429
69011,30593,唱和,答Y書,A,張江陵集,,,431
69011,34717,唱和,答Y書,A,張江陵集,,,431
69011,68547,唱和,答Y書,A,張江陵集,,,431
69011,128983,唱和,答Y書,A,張江陵集,,,431
69011,68547,唱和,贈詩、文,A,明人傳記資料索引,4900,0,437
69011,30593,唱和,收到Y的贈詩、文,P,明人傳記資料索引,5501,0,438
69011,127987,唱和,收到Y的贈詩、文,P,明人傳記資料索引,5501,0,438
69011,30192,唱和,行狀跋由Y所作,P,明人傳記資料索引,5501,0,524
92047,94227,好友,友,M,人名權威資料（中央研究院歷史語言研究所）,18538,,9
92047,24654,唱和,贈詩、文,A,唐五代人交往詩索引,101,,437
92047,93952,唱和,贈詩、文,A,唐五代人交往詩索引,101,,437
92047,3332,唱和,收到Y的贈詩、文,P,唐五代人交往詩索引,1042,,438
92047,13575,唱和,收到Y的贈詩、文,P,唐五代人交往詩索引,276,,438
92047,32227,唱和,收到Y的贈詩、文,P,唐五代人交往詩索引,517,,438
92047,33606,唱和,收到Y的贈詩、文,P,唐五代人交往詩索引,1286,,438
92047,94160,唱和,收到Y的贈詩、文,P,唐五代人交往詩索引,981,,438
92047,94183,唱和,收到Y的贈詩、文,P,唐五代人交往詩索引,1414,,438
92047,94227,唱和,收到Y的贈詩、文,P,唐五代人交往詩索引,202,,438
92328,94271,唱和,贈詩、文,A,唐五代人交往詩索引,424,,437
92328,13624,唱和,收到Y的贈詩、文,P,唐五代人交往詩索引,1133,,438
92328,93103,唱和,收到Y的贈詩、文,P,唐五代人交往詩索引,757,,438
92743,32227,唱和,贈詩、文,A,唐五代人交往詩索引,81,,437
92743,32540,唱和,贈詩、文,A,唐五代人交往詩索引,83,,437
92743,17029,唱和,收到Y的贈詩、文,P,唐五代人交往詩索引,18,,438
92743,21194,唱和,收到Y的贈詩、文,P,唐五代人交往詩索引,1083,,438
92743,93476,唱和,收到Y的贈詩、文,P,唐五代人交往詩索引,246,,438
93103,92328,唱和,贈詩、文,A,唐五代人交往詩索引,757,,437
93103,94109,唱和,贈詩、文,A,唐五代人交往詩索引,757,,437
93103,94271,唱和,贈詩、文,A,唐五代人交往詩索引,761,,437
93103,94595,唱和,贈詩、文,A,唐五代人交往詩索引,757,,437
93103,146237,唱和,贈詩、文,A,唐五代人交往詩索引,759,,437
93476,3332,唱和,贈詩、文,A,唐五代人交往詩索引,250,,437
93476,19244,唱和,贈詩、文,A,唐五代人交往詩索引,249,,437
93476,32174,唱和,贈詩、文,A,唐五代人交往詩索引,246,,437
93476,32540,唱和,贈詩、文,A,唐五代人交往詩索引,249,,437
93476,33606,唱和,贈詩、文,A,唐五代人交往詩索引,251,,437
93476,92743,唱和,贈詩、文,A,唐五代人交往詩索引,246,,437
93608,13060,唱和,贈詩、文,A,唐五代人交往詩索引,1383,,437
93832,3915,唱和,贈詩、文,A,唐五代人交往詩索引,1484,,437
93832,17029,唱和,贈詩、文,A,唐五代人交往詩索引,1480,,437
93832,32540,唱和,贈詩、文,A,唐五代人交往詩索引,1483,,437
93832,94227,唱和,贈詩、文,A,唐五代人交往詩索引,1481,,437
93832,94595,唱和,收到Y的贈詩、文,P,唐五代人交往詩索引,394,,438
93832,146237,唱和,收到Y的贈詩、文,P,唐五代人交往詩索引,1002,,438
93952,94227,好友,友,M,人名權威資料（中央研究院歷史語言研究所）,18538,,9
93952,3332,唱和,墓誌銘由Y所作,P,韓昌黎文集校注,,815,43
93952,32822,唱和,贈詩、文,A,唐五代人交往詩索引,335,,437
93952,94109,唱和,贈詩、文,A,唐五代人交往詩索引,333,,437
93952,94227,唱和,贈詩、文,A,唐五代人交往詩索引,331,,437
93952,94595,唱和,贈詩、文,A,唐五代人交往詩索引,333,,437
93952,92047,唱和,收到Y的贈詩、文,P,唐五代人交往詩索引,101,,438
93952,94183,唱和,收到Y的贈詩、文,P,唐五代人交往詩索引,1416,,438
93952,146237,唱和,收到Y的贈詩、文,P,唐五代人交往詩索引,996,,438
94109,30851,唱和,贈詩、文,A,唐五代人交往詩索引,580,,437
94109,32174,唱和,贈詩、文,A,唐五代人交往詩索引,580,,437
94109,33566,唱和,贈詩、文,A,唐五代人交往詩索引,586,,437
94109,93103,唱和,收到Y的贈詩、文,P,唐五代人交往詩索引,757,,438
94109,93952,唱和,收到Y的贈詩、文,P,唐五代人交往詩索引,333,,438
94109,94271,唱和,收到Y的贈詩、文,P,唐五代人交往詩索引,1456,,438
94109,146237,唱和,收到Y的贈詩、文,P,唐五代人交往詩索引,998,,438
94160,94227,好友,友,M,人名權威資料（中央研究院歷史語言研究所）,18538,,9
94160,3332,唱和,贈詩、文,A,唐五代人交往詩索引,988,,437
94160,13575,唱和,贈詩、文,A,唐五代人交往詩索引,983,,437
94160,32227,唱和,贈詩、文,A,唐五代人交往詩索引,985,,437
94160,92047,唱和,贈詩、文,A,唐五代人交往詩索引,981,,437
94160,94227,唱和,贈詩、文,A,唐五代人交往詩索引,982,,437
94160,17029,唱和,收到Y的贈詩、文,P,唐五代人交往詩索引,23,,438
94160,33606,唱和,收到Y的贈詩、文,P,唐五代人交往詩索引,1300,,438
94160,94183,唱和,收到Y的贈詩、文,P,唐五代人交往詩索引,1419,,438
94183,3915,唱和,贈詩、文,A,唐五代人交往詩索引,1420,,437
94183,17029,唱和,贈詩、文,A,唐五代人交往詩索引,1413,,437
94183,19244,唱和,贈詩、文,A,唐五代人交往詩索引,1418,,437
94183,92047,唱和,贈詩、文,A,唐五代人交往詩索引,1414,,437
94183,93952,唱和,贈詩、文,A,唐五代人交往詩索引,1416,,437
94183,94160,唱和,贈詩、文,A,唐五代人交往詩索引,1419,,437
94183,94227,唱和,贈詩、文,A,唐五代人交往詩索引,1415,,437
94183,94595,唱和,贈詩、文,A,唐五代人交往詩索引,1416,,437
94227,3332,師生,為Y之學生,A,人名權威資料（中央研究院歷史語言研究所）,18538,,22
94227,92047,唱和,贈詩、文,A,唐五代人交往詩索引,202,,437
94227,3332,唱和,收到Y的贈詩、文,P,唐五代人交往詩索引,1042,,438
94227,13575,唱和,收到Y的贈詩、文,P,唐五代人交往詩索引,277,,438
94227,17029,唱和,收到Y的贈詩、文,P,唐五代人交往詩索引,20,,438
94227,93832,唱和,收到Y的贈詩、文,P,唐五代人交往詩索引,1481,,438
94227,93952,唱和,收到Y的贈詩、文,P,唐五代人交往詩索引,331,,438
94227,94160,唱和,收到Y的贈詩、文,P,唐五代人交往詩索引,982,,438
94227,94183,唱和,收到Y的贈詩、文,P,唐五代人交往詩索引,1415,,438
94271,32174,唱和,贈詩、文,A,唐五代人交往詩索引,1452,,437
94271,33566,唱和,贈詩、文,A,唐五代人交往詩索引,1462,,437
94271,94109,唱和,贈詩、文,A,唐五代人交往詩索引,1456,,437
94271,92328,唱和,收到Y的贈詩、文,P,唐五代人交往詩索引,424,,438
94271,93103,唱和,收到Y的贈詩、文,P,唐五代人交往詩索引,761,,438
94271,146237,唱和,收到Y的贈詩、文,P,唐五代人交往詩索引,1002,,438
94595,31974,唱和,贈詩、文,A,唐五代人交往詩索引,381,,437
94595,32174,唱和,贈詩、文,A,唐五代人交往詩索引,379,,437
94595,93832,唱和,贈詩、文,A,唐五代人交往詩索引,394,,437
94595,32822,唱和,收到Y的贈詩、文,P,唐五代人交往詩索引,936,,438
94595,93103,唱和,收到Y的贈詩、文,P,唐五代人交往詩索引,757,,438
94595,93952,唱和,收到Y的贈詩、文,P,唐五代人交往詩索引,333,,438
94595,94183,唱和,收到Y的贈詩、文,P,唐五代人交往詩索引,1416,,438
99984,34747,唱和,書序由Y所作,P,明人傳記資料索引,8256,0,33
99984,30374,唱和,為Y作祭文,A,明人傳記資料索引,300,0,145
99984,66729,唱和,為Y作祭文,A,明人傳記資料索引,7246,0,145
99984,68547,唱和,為Y作臨別贈言(送別詩、序),A,明人傳記資料索引,4900,0,162
99984,30374,交往,從Y學,P,歐陽德集,1,1516,231
99984,33860,唱和,向Y致賀,A,明人傳記資料索引,2748,0,390
99984,68547,唱和,神道碑由Y所作,P,明人傳記資料索引,8256,0,405
99984,33860,唱和,致書Y,A,歐陽南野先生文集:三十卷,,,429
99984,34702,唱和,致書Y,A,歐陽南野先生文集:三十卷,,,429
99984,68547,唱和,致書Y,A,歐陽南野先生文集:三十卷,,,429
99984,30374,唱和,被致書由Y,P,王文成公全書:三十八卷,卷6,,430
99984,68547,唱和,答Y書,A,歐陽南野先生文集:三十卷,,,431
99984,30374,唱和,收到Y的答書,P,王文成公全書:三十八卷,卷2,,432
99984,33860,唱和,收到Y的贈詩、文,P,明人傳記資料索引,8256,0,438
99984,30374,唱和,為Y作學記（書院記）,A,明人傳記資料索引,300,0,459
99984,66729,唱和,為Y篆匾額、器銘,A,明人傳記資料索引,7246,0,483
99984,128983,唱和,祠記由Y所作,P,明人傳記資料索引,8256,0,561
123973,131951,唱和,向Y致賀,A,賜閒堂集:四十卷,,,390
123973,34747,唱和,被致書由Y,P,鄒公存真集十二卷,卷1,,430
123973,128983,唱和,被致書由Y,P,姜鳳阿文集：三十八卷,,,430
123973,30593,唱和,答Y書,A,賜閒堂集:四十卷,,,431
123973,34717,唱和,答Y書,A,賜閒堂集:四十卷,,,431
123973,34747,唱和,答Y書,A,賜閒堂集:四十卷,,,431
123973,128983,唱和,答Y書,A,賜閒堂集:四十卷,,,431
123973,131951,唱和,答Y書,A,賜閒堂集:四十卷,,,431
127987,30240,唱和,為Y所著書作序,A,明人傳記資料索引,6537,0,32
127987,131951,唱和,為Y所著書作序,A,明人傳記資料索引,7559,0,32
127987,30239,唱和,墓誌銘由Y所作,P,明人傳記資料索引,2329,0,43
127987,34717,唱和,為Y作墓誌銘,A,明人傳記資料索引,274,0,44
127987,30240,唱和,為Y作家傳,A,明人傳記資料索引,6537,0,397
127987,34717,唱和,被致書由Y,P,弇州四部稿一百七十四卷續稿二百零七卷,卷124,,430
127987,56535,唱和,被致書由Y,P,棘門集:八卷,,,430
127987,69011,唱和,贈詩、文,A,明人傳記資料索引,5501,0,437
127987,30239,唱和,收到Y的贈詩、文,P,明人傳記資料索引,2329,0,438
128983,68547,唱和,為Y所著書作跋,A,明人傳記資料索引,4900,0,46
128983,68547,唱和,為Y作祭文,A,明人傳記資料索引,4900,0,145
128983,34747,唱和,為Y作臨別贈言(送別詩、序),A,明人傳記資料索引,7686,0,162
128983,68547,唱和,向Y致賀,A,明人傳記資料索引,4900,0,390
128983,34702,唱和,致書Y,A,姜鳳阿文集：三十八卷,,,429
128983,34717,唱和,致書Y,A,姜鳳阿文集：三十八卷,,,429
128983,34747,唱和,致書Y,A,姜鳳阿文集：三十八卷,,,429
128983,123973,唱和,致書Y,A,姜鳳阿文集：三十八卷,,,429
128983,34702,唱和,被致書由Y,P,石蓮洞羅先生文集:二十五卷,,,430
128983,68547,唱和,收到Y的答書,P,續世經堂集,,,432
128983,69011,唱和,收到Y的答書,P,張江陵集,,,432
128983,123973,唱和,收到Y的答書,P,賜閒堂集:四十卷,,,432
128983,68547,唱和,贈詩、文,A,明人傳記資料索引,4900,0,437
128983,99984,唱和,為Y作祠記,A,明人傳記資料索引,8256,0,560
131191,34532,師生,為Y之學生,A,甘泉先生續編大全:三十三卷,19.30a,,22
131191,30374,唱和,為Y所著書作序,A,明人傳記資料索引,300,0,32
131191,33860,唱和,書序由Y所作,P,明人傳記資料索引,6554,0,33
131191,34649,唱和,書序由Y所作,P,明人傳記資料索引,6554,0,33
131191,30374,唱和,為Y作墓誌銘,A,明人傳記資料索引,300,0,44
131191,30374,唱和,為Y作祭文,A,明人傳記資料索引,300,0,145
131191,34532,唱和,為Y作祭文,A,明人傳記資料索引,5075,0,145
131191,24554,唱和,為Y作臨別贈言(送別詩、序),A,明人傳記資料索引,3104,0,162
131191,33860,唱和,為Y作臨別贈言(送別詩、序),A,明人傳記資料索引,2748,0,162
131191,34649,唱和,義莊記由Y所作,P,明人傳記資料索引,6554,0,198
131191,34532,唱和,為Y作畫贊(畫像記),A,明人傳記資料索引,5075,0,428
131191,33860,唱和,致書Y,A,甘泉先生續編大全:三十三卷,,,429
131191,34702,唱和,答Y書,A,甘泉先生續編大全:三十三卷,,,431
131191,30374,唱和,收到Y的答書,P,王文成公全書:三十八卷,卷4,,432
131191,33860,唱和,建築物得到Y的題詠、記、命名,P,明人傳記資料索引,6554,0,444
131191,34649,唱和,行狀跋由Y所作,P,明人傳記資料索引,6554,0,524
131191,30374,唱和,為Y作祠記,A,明人傳記資料索引,300,0,560
131392,34747,唱和,致書Y,A,盟鷗堂集：三十卷,,,429
131392,131951,唱和,致書Y,A,盟鷗堂集：三十卷,,,429
131392,34747,唱和,答Y書,A,盟鷗堂集：三十卷,,,431
131951,127987,唱和,書序由Y所作,P,明人傳記資料索引,7559,0,33
131951,123973,唱和,從Y處收到賀詞 (occasion),P,賜閒堂集:四十卷,,,391
131951,131392,唱和,被致書由Y,P,盟鷗堂集：三十卷,,,430
131951,123973,唱和,收到Y的答書,P,賜閒堂集:四十卷,,,432
131951,30239,唱和,收到Y的贈詩、文,P,明人傳記資料索引,7559,0,438
134598,134599,好友,友,M,明清婦女著作數據庫,MQWW PoetID #2495,,9
134611,339321,交往,節行為Y所稱道,A,,,,68
134628,135502,家族,養育,A,明清婦女著作數據庫,MQWW PoetID #2631,,87
134865,25793,交往,教授Y,A,明清婦女著作數據庫,"MQWW PoetID #2739, HuWenKai #9",,232
135502,134628,家族,被Y養育,P,明清婦女著作數據庫,MQWW PoetID #2631,,86
146237,33606,唱和,贈詩、文,A,唐五代人交往詩索引,1001,,437
146237,93832,唱和,贈詩、文,A,唐五代人交往詩索引,1002,,437
146237,93952,唱和,贈詩、文,A,唐五代人交往詩索引,996,,437
146237,94109,唱和,贈詩、文,A,唐五代人交往詩索引,998,,437
146237,94271,唱和,贈詩、文,A,唐五代人交往詩索引,1002,,437
146237,13624,唱和,收到Y的贈詩、文,P,唐五代人交往詩索引,1138,,438
146237,17029,唱和,收到Y的贈詩、文,P,唐五代人交往詩索引,23,,438
146237,93103,唱和,收到Y的贈詩、文,P,唐五代人交往詩索引,759,,438
339321,134611,交往,稱道Y之節行,P,,,,69
339324,339325,同僚,喜爱,A,明清婦女著作數據庫,2676,,359
339325,339324,同僚,得到Y的喜爱,P,明清婦女著作數據庫,2676,,358
439189,511181,師生,學生為Y,P,人名權威資料（中央研究院歷史語言研究所）,18482;18482,,23
439189,511209,師生,學生為Y,P,人名權威資料（中央研究院歷史語言研究所）,18482;18482,,23
439189,511397,師生,學生為Y,P,人名權威資料（中央研究院歷史語言研究所）,18482;18482,,23
511101,21906,師生,為Y之學生,A,人名權威資料（中央研究院歷史語言研究所）,18518;18518,,22
511181,439189,師生,為Y之學生,A,人名權威資料（中央研究院歷史語言研究所）,18482;18482,,22
511209,439189,師生,為Y之學生,A,人名權威資料（中央研究院歷史語言研究所）,18482;18482,,22
511397,439189,師生,為Y之學生,A,人名權威資料（中央研究院歷史語言研究所）,18482;18482,,22
511502,21906,師生,為Y之學生,A,人名權威資料（中央研究院歷史語言研究所）,18518;18518,,22
669,7055,家族,女婿,,,,,181
1649,1762,家族,妻之叔伯,,,,,80
1762,1649,家族,姪女之夫,,,,,178
3257,11134,家族,女婿,,,,,181
7055,669,家族,第一任妻父,,明招山出土的南宋呂祖謙家族墓志,204,,87
7055,669,家族,第二任妻父,,,,,88
11134,3257,家族,岳父,,,,,76
29613,29615,家族,子,,,,,180
29615,29613,家族,父,,,,,75
30257,30261,家族,子,,,,,180
30257,30267,家族,女婿,,,,,181
30257,30270,家族,子,,,,,180
30261,30257,家族,父,,,,,75
30267,30257,家族,第二任妻父,,,,,88
30267,30281,家族,第一任妻父,,,,,87
30267,30282,家族,第一任妻,,,,,138
30270,30257,家族,父,,,,,75
30281,30267,家族,女婿,,,,,181
30281,30282,家族,女兒,,,,,176
30282,30267,家族,丈夫,,,,,134
30282,30281,家族,父,,,,,75
